Player,Pos,Squad,Comp,Age,Min,archetype
Frans Krätzig,"DF,MF",Heidenheim,de Bundesliga,21.0,1217,Attacking Fullback
Stefano Sabelli,DF,Genoa,it Serie A,31.0,2058,Attacking Fullback
Florent Hanin,DF,Angers,fr Ligue 1,34.0,2672,Attacking Fullback
Andoni Gorosabel,DF,Athletic Club,es La Liga,27.0,1485,Attacking Fullback
Emerson,DF,Milan,it Serie A,25.0,1377,Attacking Fullback
Juan Miranda,DF,Bologna,it Serie A,24.0,2277,Attacking Fullback
Alessandro Bastoni,DF,Inter,it Serie A,25.0,2333,Attacking Fullback
Adrien Truffert,"DF,MF",Rennes,fr Ligue 1,22.0,2752,Attacking Fullback
Liam Henderson,MF,Empoli,it Serie A,28.0,2337,Attacking Fullback
Aarón Martín,DF,Genoa,it Serie A,27.0,3085,Attacking Fullback
Brian Oliván,DF,Espanyol,es La Liga,30.0,1017,Attacking Fullback
Romain Perraud,DF,Betis,es La Liga,26.0,2002,Attacking Fullback
Raoul Bellanova,DF,Atalanta,it Serie A,24.0,2402,Attacking Fullback
Maximilian Mittelstädt,DF,Stuttgart,de Bundesliga,27.0,2469,Attacking Fullback
Valentino Lazaro,"DF,FW",Torino,it Serie A,28.0,2307,Attacking Fullback
Kingsley Ehizibue,DF,Udinese,it Serie A,29.0,2498,Attacking Fullback
Luca Pellegrini,DF,Lazio,it Serie A,25.0,1067,Attacking Fullback
Andrew Robertson,DF,Liverpool,eng Premier League,30.0,2482,Attacking Fullback
Sergio Carreira,"MF,DF",Celta Vigo,es La Liga,23.0,1656,Attacking Fullback
Lucas Digne,DF,Aston Villa,eng Premier League,31.0,2351,Attacking Fullback
Julian Ryerson,DF,Dortmund,de Bundesliga,26.0,2259,Attacking Fullback
Giuseppe Pezzella,"DF,FW",Empoli,it Serie A,26.0,2878,Attacking Fullback
Melvin Bard,"DF,MF",Nice,fr Ligue 1,23.0,1938,Attacking Fullback
Quentin Merlin,DF,Marseille,fr Ligue 1,22.0,1589,Attacking Fullback
José Luis Gayà,DF,Valencia,es La Liga,29.0,1803,Attacking Fullback
Antoine Hainaut,"DF,FW",Parma,it Serie A,22.0,1206,Attacking Fullback
Marius Wolf,DF,Augsburg,de Bundesliga,29.0,2144,Attacking Fullback
Maximilian Wittek,DF,Bochum,de Bundesliga,28.0,2706,Attacking Fullback
Kenny Lala,DF,Brest,fr Ligue 1,32.0,2686,Attacking Fullback
Djibril Sidibé,DF,Toulouse,fr Ligue 1,32.0,2101,Attacking Fullback
Matteo Ruggeri,DF,Atalanta,it Serie A,22.0,1751,Attacking Fullback
Dimitris Giannoulis,DF,Augsburg,de Bundesliga,28.0,2650,Attacking Fullback
Aitor Ruibal,"DF,FW",Betis,es La Liga,28.0,1313,Attacking Fullback
Marnon Busch,"DF,MF",Heidenheim,de Bundesliga,29.0,1396,Attacking Fullback
Ridle Baku,"DF,MF",RB Leipzig,de Bundesliga,26.0,1275,Attacking Fullback
Lewis Hall,DF,Newcastle Utd,eng Premier League,19.0,2189,Attacking Fullback
Alejandro Balde,DF,Barcelona,es La Liga,20.0,2284,Attacking Fullback
Djed Spence,DF,Tottenham,eng Premier League,23.0,1792,Attacking Fullback
Pep Chavarría,"DF,FW",Rayo Vallecano,es La Liga,26.0,2585,Attacking Fullback
Luis Pérez,DF,Valladolid,es La Liga,29.0,2558,Attacking Fullback
Pervis Estupiñán,DF,Brighton,eng Premier League,26.0,2402,Attacking Fullback
Paul Joly,DF,Auxerre,fr Ligue 1,24.0,1009,Attacking Fullback
Adrià Pedrosa,DF,Sevilla,es La Liga,26.0,2298,Attacking Fullback
Alexander Prass,DF,Hoffenheim,de Bundesliga,23.0,1566,Attacking Fullback
Mads Roerslev,DF,Brentford,eng Premier League,25.0,1101,Attacking Fullback
Alberto Moreno,DF,Como,it Serie A,32.0,1727,Attacking Fullback
Gabriel Suazo,DF,Toulouse,fr Ligue 1,26.0,2163,Attacking Fullback
Phillipp Mwene,DF,Mainz 05,de Bundesliga,30.0,2607,Attacking Fullback
Marcos Llorente,"DF,MF",Atlético Madrid,es La Liga,29.0,2513,Attacking Fullback
Emil Holm,DF,Bologna,it Serie A,24.0,1137,Attacking Fullback
Domagoj Bradarić,DF,Hellas Verona,it Serie A,24.0,1933,Attacking Fullback
Issiaga Sylla,DF,Montpellier,fr Ligue 1,30.0,1156,Attacking Fullback
Dodô,DF,Fiorentina,it Serie A,25.0,3025,Attacking Fullback
Rolando Mandragora,MF,Fiorentina,it Serie A,27.0,1856,Attacking Fullback
Iglesias,DF,Getafe,es La Liga,26.0,2888,Attacking Fullback
Nahuel Molina,DF,Atlético Madrid,es La Liga,26.0,1590,Attacking Fullback
Anthony Caci,DF,Mainz 05,de Bundesliga,27.0,2684,Attacking Fullback
Jon Moncayola,MF,Osasuna,es La Liga,26.0,2099,Attacking Fullback
Nathaniel Brown,"DF,MF",Eint Frankfurt,de Bundesliga,21.0,1947,Attacking Fullback
Óscar de Marcos,DF,Athletic Club,es La Liga,35.0,1564,Attacking Fullback
Caio Henrique Oliveira Silva,DF,Monaco,fr Ligue 1,27.0,1929,Attacking Fullback
Gerard Martín,DF,Barcelona,es La Liga,22.0,1038,Attacking Fullback
Lucas Vázquez,DF,Real Madrid,es La Liga,33.0,2189,Attacking Fullback
Liberato Cacace,"MF,DF",Empoli,it Serie A,23.0,2230,Attacking Fullback
Sergio Gómez,"MF,DF",Real Sociedad,es La Liga,23.0,2738,Attacking Fullback
Ryan Manning,"DF,MF",Southampton,eng Premier League,28.0,1462,Attacking Fullback
Emanuele Valeri,DF,Parma,it Serie A,25.0,2873,Attacking Fullback
Darko Lazović,"DF,MF",Hellas Verona,it Serie A,33.0,1459,Attacking Fullback
Bernardo Silva,"MF,FW",Manchester City,eng Premier League,29.0,2670,Attacking Fullback
Rasmus Kristensen,DF,Eint Frankfurt,de Bundesliga,27.0,2513,Attacking Fullback
Sergi Cardona,DF,Villarreal,es La Liga,25.0,2945,Attacking Fullback
Johan Mojica,DF,Mallorca,es La Liga,31.0,2755,Attacking Fullback
Victor Bernth Kristiansen,DF,Leicester City,eng Premier League,21.0,2482,Attacking Fullback
Aaron Wan-Bissaka,DF,West Ham,eng Premier League,26.0,3154,Attacking Fullback
Théo Sainte-Luce,DF,Montpellier,fr Ligue 1,25.0,1018,Attacking Fullback
Yukinari Sugawara,"DF,MF",Southampton,eng Premier League,24.0,1557,Attacking Fullback
Javi Galán,DF,Atlético Madrid,es La Liga,29.0,1784,Attacking Fullback
Manuel Lazzari,DF,Lazio,it Serie A,30.0,1406,Attacking Fullback
Cristiano Biraghi,DF,Torino,it Serie A,31.0,1158,Attacking Fullback
Samuele Birindelli,"DF,MF",Monza,it Serie A,25.0,1468,Attacking Fullback
Mërgim Vojvoda,DF,Torino,it Serie A,29.0,1105,Attacking Fullback
Gideon Mensah,DF,Auxerre,fr Ligue 1,26.0,2280,Attacking Fullback
Ismaily,DF,Lille,fr Ligue 1,34.0,904,Attacking Fullback
Joakim Mæhle,DF,Wolfsburg,de Bundesliga,27.0,2188,Attacking Fullback
Diego Moreira,"DF,MF",Strasbourg,fr Ligue 1,19.0,2568,Attacking Fullback
Josha Vagnoman,"DF,MF",Stuttgart,de Bundesliga,23.0,1834,Attacking Fullback
Ki-Jana Hoever,DF,Auxerre,fr Ligue 1,22.0,2124,Attacking Fullback
Derrick Köhn,"DF,FW",Werder Bremen,de Bundesliga,25.0,1343,Attacking Fullback
Vitaliy Mykolenko,DF,Everton,eng Premier League,25.0,3082,Attacking Fullback
Manolis Saliakas,"MF,DF",St. Pauli,de Bundesliga,27.0,2314,Attacking Fullback
Pedro Porro,DF,Tottenham,eng Premier League,24.0,2610,Attacking Fullback
Robin Gosens,DF,Fiorentina,it Serie A,30.0,2434,Attacking Fullback
Nuno Tavares,DF,Lazio,it Serie A,24.0,1686,Attacking Fullback
Pablo Maffeo,DF,Mallorca,es La Liga,27.0,2368,Attacking Fullback
Sergio Akieme,DF,Reims,fr Ligue 1,26.0,2523,Attacking Fullback
Frederic Guilbert,DF,Lecce,it Serie A,29.0,2435,Attacking Fullback
Ainsley Maitland-Niles,DF,Lyon,fr Ligue 1,26.0,1985,Attacking Fullback
Marcus Pedersen,DF,Torino,it Serie A,24.0,1362,Attacking Fullback
Keane Lewis-Potter,"DF,FW",Brentford,eng Premier League,23.0,3093,Attacking Fullback
Davide Zappacosta,DF,Atalanta,it Serie A,32.0,2067,Attacking Fullback
Jonas Föhrenbach,DF,Heidenheim,de Bundesliga,28.0,1832,Attacking Fullback
Rayan Aït-Nouri,DF,Wolves,eng Premier League,23.0,3109,Attacking Fullback
Vladimír Coufal,DF,West Ham,eng Premier League,31.0,1067,Attacking Fullback
Christian Günter,DF,Freiburg,de Bundesliga,31.0,2314,Attacking Fullback
Alessandro Zanoli,"FW,DF",Genoa,it Serie A,23.0,1711,Attacking Fullback
Habib Diarra,"MF,FW",Strasbourg,fr Ligue 1,20.0,2352,Attacking Fullback
Álvaro Tejero,"MF,DF",Espanyol,es La Liga,28.0,1238,Attacking Fullback
Giorgos Kyriakopoulos,DF,Monza,it Serie A,28.0,2845,Attacking Fullback
Hugo Álvarez,"MF,DF",Celta Vigo,es La Liga,21.0,1572,Attacking Fullback
Deiver Machado,"DF,MF",Lens,fr Ligue 1,30.0,1805,Attacking Fullback
Christopher Operi,"DF,FW",Le Havre,fr Ligue 1,27.0,1169,Attacking Fullback
Gabriele Zappa,DF,Cagliari,it Serie A,24.0,3060,Attacking Fullback
Malo Gusto,DF,Chelsea,eng Premier League,21.0,1862,Attacking Fullback
Przemysław Frankowski,DF,Lens,fr Ligue 1,29.0,1387,Attacking Fullback
Ruben Aguilar,"DF,MF",Lens,fr Ligue 1,31.0,1124,Attacking Fullback
Pascal Groß,"MF,DF",Dortmund,de Bundesliga,33.0,2327,Attacking Fullback
Abel,DF,Osasuna,es La Liga,23.0,2074,Attacking Fullback
Yanis Zouaoui,"DF,FW",Le Havre,fr Ligue 1,30.0,976,Attacking Fullback
Abner,DF,Lyon,fr Ligue 1,24.0,1090,Attacking Fullback
Antonino Gallo,DF,Lecce,it Serie A,24.0,2609,Attacking Fullback
Marvin,"DF,FW",Las Palmas,es La Liga,24.0,1038,Attacking Fullback
Felix Passlack,"DF,MF",Bochum,de Bundesliga,26.0,2334,Attacking Fullback
Thomas Meunier,DF,Lille,fr Ligue 1,32.0,1928,Attacking Fullback
Ulisses Garcia,DF,Marseille,fr Ligue 1,28.0,930,Attacking Fullback
Jordan Zemura,DF,Udinese,it Serie A,24.0,1415,Attacking Fullback
Milos Kerkez,DF,Bournemouth,eng Premier League,20.0,3336,Attacking Fullback
Fran Garcia,DF,Real Madrid,es La Liga,24.0,2171,Attacking Fullback
Gabriel Gudmundsson,DF,Lille,fr Ligue 1,25.0,1785,Attacking Fullback
Andrei Ratiu,DF,Rayo Vallecano,es La Liga,26.0,3065,Attacking Fullback
Diogo Dalot,DF,Manchester Utd,eng Premier League,25.0,2814,Attacking Fullback
David Raum,DF,RB Leipzig,de Bundesliga,26.0,1783,Attacking Fullback
Felix Agu,DF,Werder Bremen,de Bundesliga,24.0,1751,Attacking Fullback
Antonee Robinson,DF,Fulham,eng Premier League,26.0,3167,Attacking Fullback
Leif Davis,DF,Ipswich Town,eng Premier League,24.0,2743,Attacking Fullback
Diego Rico,DF,Getafe,es La Liga,31.0,2819,Attacking Fullback
Francesco Zampano,DF,Venezia,it Serie A,30.0,1639,Attacking Fullback
Vanderson,DF,Monaco,fr Ligue 1,23.0,2064,Attacking Fullback
Ian Maatsen,DF,Aston Villa,eng Premier League,22.0,1139,Attacking Fullback
Jonathan Clauss,"DF,MF",Nice,fr Ligue 1,31.0,2303,Attacking Fullback
Angeliño,DF,Roma,it Serie A,27.0,3177,Attacking Fullback
Borna Sosa,DF,Torino,it Serie A,26.0,1181,Attacking Fullback
Jules Koundé,DF,Barcelona,es La Liga,25.0,2605,Attacking Fullback
Ashley Young,DF,Everton,eng Premier League,39.0,1875,Attacking Fullback
Omar Traoré,DF,Heidenheim,de Bundesliga,26.0,2616,Attacking Fullback
Luca Netz,DF,Gladbach,de Bundesliga,21.0,969,Attacking Fullback
Marcus Coco,DF,Nantes,fr Ligue 1,28.0,951,Attacking Fullback
Jesús Areso,DF,Osasuna,es La Liga,25.0,3079,Attacking Fullback
Carlens Arcus,DF,Angers,fr Ligue 1,28.0,2047,Attacking Fullback
Finn Porath,"DF,MF",Holstein Kiel,de Bundesliga,27.0,1970,Attacking Fullback
Charalambos Lykogiannis,DF,Bologna,it Serie A,30.0,1048,Attacking Fullback
Hassane Kamara,DF,Udinese,it Serie A,30.0,2001,Attacking Fullback
Jackson Tchatchoua,"DF,MF",Hellas Verona,it Serie A,22.0,3167,Attacking Fullback
Christopher Trimmel,"DF,MF",Union Berlin,de Bundesliga,37.0,1740,Attacking Fullback
Pavel Kadeřábek,DF,Hoffenheim,de Bundesliga,32.0,1576,Attacking Fullback
Josip Juranović,"DF,MF",Union Berlin,de Bundesliga,28.0,1159,Attacking Fullback
Miguel Gutiérrez,"DF,MF",Girona,es La Liga,23.0,2458,Attacking Fullback
Tommaso Augello,DF,Cagliari,it Serie A,29.0,2713,Attacking Fullback
Enzo Tchato,DF,Montpellier,fr Ligue 1,21.0,1899,Attacking Fullback
Patrick Ciurria,"MF,DF",Monza,it Serie A,29.0,1111,Attacking Fullback
Valentin Gendrey,DF,Hoffenheim,de Bundesliga,24.0,1414,Attacking Fullback
Lorenz Assignon,"DF,MF",Rennes,fr Ligue 1,24.0,2357,Attacking Fullback
Kiko Femenía,DF,Villarreal,es La Liga,33.0,2227,Attacking Fullback
Kieran Trippier,DF,Newcastle Utd,eng Premier League,33.0,1309,Attacking Fullback
Loïc Nego,"DF,FW",Le Havre,fr Ligue 1,33.0,2459,Attacking Fullback
Ibrahima Konaté,DF,Liverpool,eng Premier League,25.0,2560,Ball-Playing CB
Marcos Senesi,DF,Bournemouth,eng Premier League,27.0,1106,Ball-Playing CB
Virgil van Dijk,DF,Liverpool,eng Premier League,33.0,3330,Ball-Playing CB
Geoffrey Kondogbia,"DF,MF",Marseille,fr Ligue 1,31.0,2020,Ball-Playing CB
Javi Rodríguez,DF,Celta Vigo,es La Liga,21.0,2514,Ball-Playing CB
Malick Thiaw,DF,Milan,it Serie A,22.0,1806,Ball-Playing CB
Dante,DF,Nice,fr Ligue 1,40.0,1964,Ball-Playing CB
Matt Doherty,DF,Wolves,eng Premier League,32.0,2109,Ball-Playing CB
Murillo,DF,Nott'ham Forest,eng Premier League,22.0,3188,Ball-Playing CB
Strahinja Pavlović,DF,Milan,it Serie A,23.0,1864,Ball-Playing CB
Arthur Theate,DF,Eint Frankfurt,de Bundesliga,24.0,2704,Ball-Playing CB
Rúben Dias,DF,Manchester City,eng Premier League,27.0,2271,Ball-Playing CB
Malang Sarr,DF,Lens,fr Ligue 1,25.0,1385,Ball-Playing CB
Mamadou Sarr,DF,Strasbourg,fr Ligue 1,18.0,2365,Ball-Playing CB
Tuta,"DF,MF",Eint Frankfurt,de Bundesliga,25.0,2274,Ball-Playing CB
Ladislav Krejčí,DF,Girona,es La Liga,25.0,2440,Ball-Playing CB
Aurélien Tchouaméni,"DF,MF",Real Madrid,es La Liga,24.0,2689,Ball-Playing CB
Edmond Tapsoba,DF,Leverkusen,de Bundesliga,25.0,2507,Ball-Playing CB
Eric Dier,DF,Bayern Munich,de Bundesliga,30.0,1463,Ball-Playing CB
Jan Paul van Hecke,DF,Brighton,eng Premier League,24.0,2958,Ball-Playing CB
Odilon Kossounou,DF,Atalanta,it Serie A,23.0,1125,Ball-Playing CB
Derek Cornelius,DF,Marseille,fr Ligue 1,26.0,1420,Ball-Playing CB
Nico Schlotterbeck,DF,Dortmund,de Bundesliga,24.0,1982,Ball-Playing CB
Hans Hateboer,DF,Rennes,fr Ligue 1,30.0,1684,Ball-Playing CB
Konstantinos Koulierakis,DF,Wolfsburg,de Bundesliga,20.0,2468,Ball-Playing CB
Philipp Lienhart,DF,Freiburg,de Bundesliga,28.0,2770,Ball-Playing CB
Julian Chabot,DF,Stuttgart,de Bundesliga,26.0,2269,Ball-Playing CB
Willian Pacho,DF,Paris S-G,fr Ligue 1,22.0,2132,Ball-Playing CB
Levi Colwill,DF,Chelsea,eng Premier League,21.0,3149,Ball-Playing CB
El Chadaille Bitshiabu,DF,RB Leipzig,de Bundesliga,19.0,1130,Ball-Playing CB
Alessio Romagnoli,DF,Lazio,it Serie A,29.0,2672,Ball-Playing CB
Jeffrey Gouweleeuw,DF,Augsburg,de Bundesliga,33.0,2944,Ball-Playing CB
Sinaly Diomande,DF,Auxerre,fr Ligue 1,23.0,1945,Ball-Playing CB
Jonathan Tah,DF,Leverkusen,de Bundesliga,28.0,2970,Ball-Playing CB
Trevoh Chalobah,DF,Chelsea,eng Premier League,25.0,910,Ball-Playing CB
Jonathan Gradit,DF,Lens,fr Ligue 1,31.0,2112,Ball-Playing CB
Pau Cubarsí,DF,Barcelona,es La Liga,17.0,2618,Ball-Playing CB
Florian Lejeune,DF,Rayo Vallecano,es La Liga,33.0,3325,Ball-Playing CB
Dayot Upamecano,DF,Bayern Munich,de Bundesliga,25.0,1759,Ball-Playing CB
Piero Hincapié,DF,Leverkusen,de Bundesliga,22.0,2670,Ball-Playing CB
Willi Orban,DF,RB Leipzig,de Bundesliga,31.0,2222,Ball-Playing CB
Emre Can,"DF,MF",Dortmund,de Bundesliga,30.0,2105,Ball-Playing CB
Fabian Schär,DF,Newcastle Utd,eng Premier League,32.0,2934,Ball-Playing CB
Jakub Kiwior,DF,Arsenal,eng Premier League,24.0,1122,Ball-Playing CB
Dean Huijsen,DF,Bournemouth,eng Premier League,19.0,2427,Ball-Playing CB
Kim Min-jae,DF,Bayern Munich,de Bundesliga,27.0,2283,Ball-Playing CB
Waldemar Anton,DF,Dortmund,de Bundesliga,28.0,1949,Ball-Playing CB
Leny Yoro,DF,Manchester Utd,eng Premier League,18.0,1165,Ball-Playing CB
Anthony Rouault,DF,Stuttgart,de Bundesliga,23.0,1212,Ball-Playing CB
Oumar Solet,DF,Udinese,it Serie A,24.0,1672,Ball-Playing CB
Pierre Kalulu,DF,Juventus,it Serie A,24.0,2337,Ball-Playing CB
Amir Rrahmani,DF,Napoli,it Serie A,30.0,3406,Ball-Playing CB
Antonio Rüdiger,DF,Real Madrid,es La Liga,31.0,2291,Ball-Playing CB
Castello Lukeba,DF,RB Leipzig,de Bundesliga,21.0,1577,Ball-Playing CB
Iñigo Martínez,DF,Barcelona,es La Liga,33.0,2490,Ball-Playing CB
Denis Vavro,DF,Wolfsburg,de Bundesliga,28.0,2461,Ball-Playing CB
Anthony Jung,DF,Werder Bremen,de Bundesliga,32.0,1898,Ball-Playing CB
Jhon Lucumí,DF,Bologna,it Serie A,26.0,2614,Ball-Playing CB
Youssouf Ndayishimiye,DF,Nice,fr Ligue 1,25.0,1932,Ball-Playing CB
Leonardo Balerdi,DF,Marseille,fr Ligue 1,25.0,2273,Ball-Playing CB
Marc Bartra,DF,Betis,es La Liga,33.0,2099,Ball-Playing CB
Calvin Bassey,DF,Fulham,eng Premier League,24.0,3074,Ball-Playing CB
Joachim Andersen,DF,Fulham,eng Premier League,28.0,2583,Ball-Playing CB
Marin Pongračić,DF,Fiorentina,it Serie A,26.0,1292,Ball-Playing CB
Yeray Álvarez,DF,Athletic Club,es La Liga,29.0,1781,Ball-Playing CB
Wesley Fofana,DF,Chelsea,eng Premier League,23.0,1172,Ball-Playing CB
José María Giménez,DF,Atlético Madrid,es La Liga,29.0,1999,Ball-Playing CB
Wilfried Singo,DF,Monaco,fr Ligue 1,23.0,2096,Ball-Playing CB
Cristian Romero,DF,Tottenham,eng Premier League,26.0,1416,Ball-Playing CB
Tosin Adarabioyo,DF,Chelsea,eng Premier League,26.0,1409,Ball-Playing CB
Eric García,"DF,MF",Barcelona,es La Liga,23.0,1566,Ball-Playing CB
Emmanuel Agbadou,DF,Wolves,eng Premier League,27.0,1410,Ball-Playing CB
Emmanuel Agbadou,DF,Reims,fr Ligue 1,27.0,1260,Ball-Playing CB
Nayef Aguerd,DF,Real Sociedad,es La Liga,28.0,1760,Ball-Playing CB
Luca Marianucci,DF,Empoli,it Serie A,20.0,1069,Ball-Playing CB
Federico Gatti,DF,Juventus,it Serie A,26.0,2195,Ball-Playing CB
Thilo Kehrer,DF,Monaco,fr Ligue 1,27.0,2383,Ball-Playing CB
Clément Akpa,DF,Auxerre,fr Ligue 1,22.0,2486,Ball-Playing CB
Mory Gbane,"DF,MF",Reims,fr Ligue 1,23.0,1125,Ball-Playing CB
Éder Militão,DF,Real Madrid,es La Liga,26.0,938,Ball-Playing CB
Omar Alderete,DF,Getafe,es La Liga,27.0,2971,Ball-Playing CB
Marquinhos,DF,Paris S-G,fr Ligue 1,30.0,1725,Ball-Playing CB
Adam Masina,DF,Torino,it Serie A,30.0,1919,Ball-Playing CB
Marcos Alonso,DF,Celta Vigo,es La Liga,33.0,2647,Ball-Playing CB
Manuel Akanji,DF,Manchester City,eng Premier League,29.0,2014,Ball-Playing CB
Clinton Mata,DF,Lyon,fr Ligue 1,31.0,2370,Ball-Playing CB
Yann Aurel Bisseck,DF,Inter,it Serie A,23.0,1553,Ball-Playing CB
David López,DF,Girona,es La Liga,34.0,2429,Ball-Playing CB
Lewis Dunk,DF,Brighton,eng Premier League,32.0,2083,Ball-Playing CB
Sam Beukema,DF,Bologna,it Serie A,25.0,3012,Ball-Playing CB
Cristhian Mosquera,DF,Valencia,es La Liga,20.0,3319,Ball-Playing CB
Joseph Okumu,DF,Reims,fr Ligue 1,27.0,1695,Ball-Playing CB
Daley Blind,DF,Girona,es La Liga,34.0,2780,Ball-Playing CB
Daniel Vivian,DF,Athletic Club,es La Liga,25.0,2608,Ball-Playing CB
Niklas Süle,DF,Dortmund,de Bundesliga,28.0,1053,Ball-Playing CB
Moïse Bombito,DF,Nice,fr Ligue 1,24.0,2192,Ball-Playing CB
Aïssa Mandi,DF,Lille,fr Ligue 1,32.0,1733,Ball-Playing CB
Michael Svoboda,DF,Venezia,it Serie A,25.0,1314,Ball-Playing CB
William Saliba,DF,Arsenal,eng Premier League,23.0,3039,Ball-Playing CB
Guela Doué,DF,Strasbourg,fr Ligue 1,21.0,2717,Ball-Playing CB
Mohammed Salisu,DF,Monaco,fr Ligue 1,25.0,1023,Ball-Playing CB
Alexsandro Ribeiro,DF,Lille,fr Ligue 1,24.0,2700,Ball-Playing CB
Micky van de Ven,DF,Tottenham,eng Premier League,23.0,1015,Ball-Playing CB
Lilian Brassier,DF,Rennes,fr Ligue 1,24.0,1234,Ball-Playing CB
Konstantinos Mavropanos,DF,West Ham,eng Premier League,26.0,2045,Ball-Playing CB
Carlos Dominguez,DF,Celta Vigo,es La Liga,23.0,1181,Ball-Playing CB
Julien Le Cardinal,DF,Brest,fr Ligue 1,26.0,1378,Ball-Playing CB
Lucas Beraldo,DF,Paris S-G,fr Ligue 1,20.0,2011,Ball-Playing CB
Stefan de Vrij,DF,Inter,it Serie A,32.0,1636,Ball-Playing CB
Ramy Bensebaini,DF,Dortmund,de Bundesliga,29.0,2022,Ball-Playing CB
Stanley N'Soki,DF,Hoffenheim,de Bundesliga,25.0,1308,Ball-Playing CB
Aritz Elustondo,DF,Real Sociedad,es La Liga,30.0,1457,Ball-Playing CB
Mario Gila,DF,Lazio,it Serie A,23.0,2741,Ball-Playing CB
Amos Pieper,DF,Werder Bremen,de Bundesliga,26.0,1498,Ball-Playing CB
André Gomes,MF,Lille,fr Ligue 1,31.0,1276,Box-to-Box Mid
Douglas,MF,Nantes,fr Ligue 1,27.0,2307,Box-to-Box Mid
Pierre Lees-Melou,MF,Brest,fr Ligue 1,31.0,1526,Box-to-Box Mid
Rocco Reitz,MF,Gladbach,de Bundesliga,22.0,1830,Box-to-Box Mid
Ryan Gravenberch,MF,Liverpool,eng Premier League,22.0,3160,Box-to-Box Mid
Sam Morsy,MF,Ipswich Town,eng Premier League,32.0,2751,Box-to-Box Mid
Antoine Makoumbou,MF,Cagliari,it Serie A,26.0,2150,Box-to-Box Mid
Dario Essugo,MF,Las Palmas,es La Liga,19.0,1938,Box-to-Box Mid
Éderson,MF,Atalanta,it Serie A,25.0,2881,Box-to-Box Mid
Nikola Moro,MF,Bologna,it Serie A,26.0,1208,Box-to-Box Mid
Felix Nmecha,MF,Dortmund,de Bundesliga,23.0,1509,Box-to-Box Mid
Daniel Parejo,MF,Villarreal,es La Liga,35.0,2273,Box-to-Box Mid
Yannik Engelhardt,"MF,DF",Como,it Serie A,23.0,1164,Box-to-Box Mid
Florian Tardieu,MF,Saint-Étienne,fr Ligue 1,32.0,1252,Box-to-Box Mid
Thomas Partey,"MF,DF",Arsenal,eng Premier League,31.0,2797,Box-to-Box Mid
Ellyes Skhiri,MF,Eint Frankfurt,de Bundesliga,29.0,2231,Box-to-Box Mid
Niklas Dorsch,MF,Heidenheim,de Bundesliga,26.0,1335,Box-to-Box Mid
Billy Gilmour,MF,Napoli,it Serie A,23.0,1177,Box-to-Box Mid
Tanner Tessmann,MF,Lyon,fr Ligue 1,22.0,1234,Box-to-Box Mid
Remo Freuler,MF,Bologna,it Serie A,32.0,3204,Box-to-Box Mid
Anton Stach,"MF,DF",Hoffenheim,de Bundesliga,25.0,2585,Box-to-Box Mid
Leandro Paredes,MF,Roma,it Serie A,30.0,1373,Box-to-Box Mid
Vincent Sierro,MF,Toulouse,fr Ligue 1,28.0,2402,Box-to-Box Mid
Hugo Sotelo,MF,Celta Vigo,es La Liga,20.0,1254,Box-to-Box Mid
Lewis Ferguson,MF,Bologna,it Serie A,24.0,983,Box-to-Box Mid
Renato Tapia,"MF,DF",Leganés,es La Liga,29.0,2424,Box-to-Box Mid
Maximilian Eggestein,MF,Freiburg,de Bundesliga,27.0,2845,Box-to-Box Mid
Ondrej Duda,MF,Hellas Verona,it Serie A,29.0,2395,Box-to-Box Mid
Edimilson Fernandes,"MF,DF",Brest,fr Ligue 1,28.0,1105,Box-to-Box Mid
Amir Richardson,MF,Fiorentina,it Serie A,22.0,1024,Box-to-Box Mid
Aleksandar Pavlovic,MF,Bayern Munich,de Bundesliga,20.0,1451,Box-to-Box Mid
Flynn Downes,MF,Southampton,eng Premier League,25.0,2151,Box-to-Box Mid
Eric Smith,"DF,MF",St. Pauli,de Bundesliga,27.0,2827,Box-to-Box Mid
Jordan Ferri,MF,Montpellier,fr Ligue 1,32.0,1773,Box-to-Box Mid
Lutsharel Geertruida,DF,RB Leipzig,de Bundesliga,24.0,1557,Box-to-Box Mid
Oussama Targhalline,MF,Le Havre,fr Ligue 1,22.0,990,Box-to-Box Mid
Máximo Perrone,MF,Como,it Serie A,21.0,1857,Box-to-Box Mid
Pierre Ekwah Elimby,MF,Saint-Étienne,fr Ligue 1,22.0,2575,Box-to-Box Mid
Boubakary Soumaré,MF,Leicester City,eng Premier League,25.0,2171,Box-to-Box Mid
Arnau Martinez,"DF,MF",Girona,es La Liga,21.0,2624,Box-to-Box Mid
Mario Lemina,"MF,DF",Wolves,eng Premier League,30.0,1364,Box-to-Box Mid
Youssouf Fofana,MF,Milan,it Serie A,25.0,2504,Box-to-Box Mid
Hugo Larsson,MF,Eint Frankfurt,de Bundesliga,20.0,2393,Box-to-Box Mid
Manu Morlanes,MF,Mallorca,es La Liga,25.0,1338,Box-to-Box Mid
Gavi,"MF,FW",Barcelona,es La Liga,19.0,1085,Box-to-Box Mid
Leon Goretzka,"MF,DF",Bayern Munich,de Bundesliga,29.0,1325,Box-to-Box Mid
Iñigo Ruiz de Galarreta,MF,Athletic Club,es La Liga,30.0,1477,Box-to-Box Mid
Jefferson Lerma,"MF,DF",Crystal Palace,eng Premier League,29.0,2274,Box-to-Box Mid
Neil El Aynaoui,MF,Lens,fr Ligue 1,23.0,1588,Box-to-Box Mid
Milan Badelj,MF,Genoa,it Serie A,35.0,1472,Box-to-Box Mid
Stefan Bajcetic,"MF,DF",Las Palmas,es La Liga,19.0,969,Box-to-Box Mid
Joan Jordán,MF,Alavés,es La Liga,30.0,1414,Box-to-Box Mid
Harry Winks,MF,Leicester City,eng Premier League,28.0,1538,Box-to-Box Mid
Pol Lozano,MF,Espanyol,es La Liga,24.0,1943,Box-to-Box Mid
Valentín Barco,"MF,DF",Strasbourg,fr Ligue 1,20.0,1157,Box-to-Box Mid
Enzo Barrenechea,MF,Valencia,es La Liga,23.0,2191,Box-to-Box Mid
Pablo Barrios,MF,Atlético Madrid,es La Liga,21.0,2330,Box-to-Box Mid
Unai López,MF,Rayo Vallecano,es La Liga,28.0,1707,Box-to-Box Mid
Reece James,"DF,MF",Chelsea,eng Premier League,24.0,1063,Box-to-Box Mid
Reda Belahyane,MF,Hellas Verona,it Serie A,20.0,1658,Box-to-Box Mid
Kristijan Jakić,MF,Augsburg,de Bundesliga,27.0,2306,Box-to-Box Mid
Nemanja Matić,MF,Lyon,fr Ligue 1,35.0,2010,Box-to-Box Mid
Fran Beltrán,MF,Celta Vigo,es La Liga,25.0,2421,Box-to-Box Mid
Rodrigo Bentancur,MF,Tottenham,eng Premier League,27.0,1645,Box-to-Box Mid
Yuri Berchiche,DF,Athletic Club,es La Liga,34.0,2044,Box-to-Box Mid
Sander Berge,MF,Fulham,eng Premier League,26.0,2224,Box-to-Box Mid
Arthur Melo,MF,Girona,es La Liga,27.0,941,Box-to-Box Mid
Adrian Bernabe,MF,Parma,it Serie A,23.0,1453,Box-to-Box Mid
James Ward-Prowse,MF,West Ham,eng Premier League,29.0,1039,Box-to-Box Mid
Alessandro Bianco,MF,Monza,it Serie A,21.0,2600,Box-to-Box Mid
Kyle Walker,DF,Manchester City,eng Premier League,34.0,970,Box-to-Box Mid
Yves Bissouma,MF,Tottenham,eng Premier League,27.0,1408,Box-to-Box Mid
Antonio Blanco,MF,Alavés,es La Liga,24.0,2727,Box-to-Box Mid
Carlos Augusto,DF,Inter,it Serie A,25.0,1625,Box-to-Box Mid
Kalvin Phillips,MF,Ipswich Town,eng Premier League,28.0,1237,Box-to-Box Mid
Saša Lukić,MF,Fulham,eng Premier League,27.0,2344,Box-to-Box Mid
Boubacar Kamara,MF,Aston Villa,eng Premier League,24.0,1726,Box-to-Box Mid
Martín Zubimendi,MF,Real Sociedad,es La Liga,25.0,2962,Box-to-Box Mid
Hans Nicolussi Caviglia,MF,Venezia,it Serie A,24.0,2861,Box-to-Box Mid
Piotr Zieliński,MF,Inter,it Serie A,30.0,980,Box-to-Box Mid
Oriol Romeu,MF,Girona,es La Liga,32.0,1356,Box-to-Box Mid
Valentin Rongier,"MF,DF",Marseille,fr Ligue 1,29.0,1562,Box-to-Box Mid
Marten de Roon,"MF,DF",Atalanta,it Serie A,33.0,3058,Box-to-Box Mid
Soungoutou Magassa,MF,Monaco,fr Ligue 1,20.0,1025,Box-to-Box Mid
Yacine Adli,MF,Fiorentina,it Serie A,24.0,1219,Box-to-Box Mid
Christian Nørgaard,MF,Brentford,eng Premier League,30.0,2819,Box-to-Box Mid
Lucien Agoume,MF,Sevilla,es La Liga,22.0,2114,Box-to-Box Mid
Mandela Keita,MF,Parma,it Serie A,22.0,1826,Box-to-Box Mid
Pablo Rosario,"MF,DF",Nice,fr Ligue 1,27.0,1775,Box-to-Box Mid
Jesper Karlström,MF,Udinese,it Serie A,29.0,3186,Box-to-Box Mid
Atakan Karazor,MF,Stuttgart,de Bundesliga,27.0,2618,Box-to-Box Mid
Kevin Kampl,MF,RB Leipzig,de Bundesliga,33.0,1593,Box-to-Box Mid
Sergi Altimira,MF,Betis,es La Liga,22.0,1972,Box-to-Box Mid
Edson Álvarez,MF,West Ham,eng Premier League,26.0,1772,Box-to-Box Mid
Denis Zakaria,MF,Monaco,fr Ligue 1,27.0,2144,Box-to-Box Mid
Michael Amir Murillo,DF,Marseille,fr Ligue 1,28.0,2437,Box-to-Box Mid
Yvan Neyou,MF,Leganés,es La Liga,27.0,2312,Box-to-Box Mid
Warren Zaïre-Emery,"MF,DF",Paris S-G,fr Ligue 1,18.0,2050,Box-to-Box Mid
André,MF,Wolves,eng Premier League,23.0,2472,Box-to-Box Mid
Benjamin André,MF,Lille,fr Ligue 1,33.0,2692,Box-to-Box Mid
Robert Andrich,"MF,DF",Leverkusen,de Bundesliga,29.0,1598,Box-to-Box Mid
Senne Lynen,MF,Werder Bremen,de Bundesliga,25.0,2733,Box-to-Box Mid
Nicolò Rovella,MF,Lazio,it Serie A,22.0,2718,Box-to-Box Mid
Koke,MF,Atlético Madrid,es La Liga,32.0,1926,Box-to-Box Mid
Lucas Bergvall,MF,Tottenham,eng Premier League,18.0,1212,Box-to-Box Mid
Damián Rodríguez,MF,Celta Vigo,es La Liga,21.0,927,Box-to-Box Mid
Seydouba Cissé,MF,Leganés,es La Liga,23.0,2435,Box-to-Box Mid
Philipp Sander,MF,Gladbach,de Bundesliga,26.0,1400,Box-to-Box Mid
José Campaña,MF,Las Palmas,es La Liga,31.0,1189,Box-to-Box Mid
Kaishu Sano,MF,Mainz 05,de Bundesliga,23.0,3043,Box-to-Box Mid
Amadou Onana,MF,Aston Villa,eng Premier League,22.0,1617,Box-to-Box Mid
Javier Muñoz,"MF,DF",Las Palmas,es La Liga,29.0,2588,Box-to-Box Mid
Baptiste Santamaria,MF,Nice,fr Ligue 1,29.0,927,Box-to-Box Mid
Johnny Cardoso,MF,Betis,es La Liga,22.0,2144,Box-to-Box Mid
Carmona,DF,Sevilla,es La Liga,22.0,2942,Box-to-Box Mid
Marc Casado,MF,Barcelona,es La Liga,20.0,1611,Box-to-Box Mid
Eduardo Camavinga,"MF,DF",Real Madrid,es La Liga,21.0,1102,Box-to-Box Mid
Benjamin Bouchouari,MF,Saint-Étienne,fr Ligue 1,22.0,1772,Box-to-Box Mid
Sandro Tonali,MF,Newcastle Utd,eng Premier League,24.0,2630,Box-to-Box Mid
Lucas Torró,MF,Osasuna,es La Liga,30.0,2957,Box-to-Box Mid
Danilo Cataldi,MF,Fiorentina,it Serie A,29.0,1712,Box-to-Box Mid
Ylber Ramadani,MF,Lecce,it Serie A,28.0,1807,Box-to-Box Mid
Abdoulaye Touré,MF,Le Havre,fr Ligue 1,30.0,2324,Box-to-Box Mid
Pedro Chirivella,MF,Nantes,fr Ligue 1,27.0,2348,Box-to-Box Mid
Joris Chotard,MF,Montpellier,fr Ligue 1,22.0,1892,Box-to-Box Mid
Amadou Haidara,MF,RB Leipzig,de Bundesliga,26.0,1320,Box-to-Box Mid
Pathé Ciss,"MF,DF",Rayo Vallecano,es La Liga,30.0,2140,Box-to-Box Mid
Djaoui Cissé,MF,Rennes,fr Ligue 1,20.0,1121,Box-to-Box Mid
Beñat Turrientes,MF,Real Sociedad,es La Liga,22.0,942,Box-to-Box Mid
Federico Valverde,"MF,DF",Real Madrid,es La Liga,26.0,3032,Box-to-Box Mid
Samu Costa,MF,Mallorca,es La Liga,23.0,2649,Box-to-Box Mid
Pape Gueye,MF,Villarreal,es La Liga,25.0,2224,Box-to-Box Mid
Mikel Vesga,MF,Athletic Club,es La Liga,31.0,988,Box-to-Box Mid
Manuel Locatelli,MF,Juventus,it Serie A,26.0,2822,Box-to-Box Mid
Mattéo Guendouzi,MF,Lazio,it Serie A,25.0,3270,Box-to-Box Mid
Azor Matusiwa,MF,Rennes,fr Ligue 1,26.0,2078,Box-to-Box Mid
Arthur Vermeeren,MF,RB Leipzig,de Bundesliga,19.0,1572,Box-to-Box Mid
Nicolas Seiwald,"MF,DF",RB Leipzig,de Bundesliga,23.0,2084,Box-to-Box Mid
Facundo Medina,DF,Lens,fr Ligue 1,25.0,2543,Box-to-Box Mid
Stanislav Lobotka,MF,Napoli,it Serie A,29.0,2636,Box-to-Box Mid
Marc Roca,MF,Betis,es La Liga,27.0,906,Box-to-Box Mid
Sead Kolašinac,DF,Atalanta,it Serie A,31.0,1903,Box-to-Box Mid
Ander Guevara,MF,Alavés,es La Liga,27.0,1947,Box-to-Box Mid
Albert Sambi Lokonga,MF,Sevilla,es La Liga,24.0,1471,Box-to-Box Mid
Joško Gvardiol,DF,Manchester City,eng Premier League,22.0,3277,Box-to-Box Mid
José Luis García Vayá,MF,Valencia,es La Liga,25.0,1742,Box-to-Box Mid
Bryan Cristante,MF,Roma,it Serie A,29.0,2045,Box-to-Box Mid
Kirian Rodríguez,MF,Las Palmas,es La Liga,28.0,1758,Box-to-Box Mid
Woyo Coulibaly,DF,Parma,it Serie A,25.0,1084,Box-to-Box Mid
Moisés Caicedo,"MF,DF",Chelsea,eng Premier League,22.0,3351,Box-to-Box Mid
Balthazar Pierret,MF,Lecce,it Serie A,24.0,1723,Box-to-Box Mid
Ngal'Ayel Mukau,MF,Lille,fr Ligue 1,19.0,1190,Box-to-Box Mid
Lloyd Kelly,DF,Juventus,it Serie A,25.0,1013,Defensive CB
Max Rosenfelder,DF,Freiburg,de Bundesliga,21.0,1249,Defensive CB
Patrick Mainka,DF,Heidenheim,de Bundesliga,29.0,3060,Defensive CB
Joël Schingtienne,DF,Venezia,it Serie A,21.0,1122,Defensive CB
Karol Mets,DF,St. Pauli,de Bundesliga,31.0,900,Defensive CB
Michael Keane,DF,Everton,eng Premier League,31.0,1049,Defensive CB
Mark McKenzie,DF,Toulouse,fr Ligue 1,25.0,2496,Defensive CB
Omar Mascarell,MF,Mallorca,es La Liga,31.0,1992,Defensive CB
Yarek Gasiorowski,DF,Valencia,es La Liga,19.0,947,Defensive CB
Dominik Kohr,"DF,MF",Mainz 05,de Bundesliga,30.0,2295,Defensive CB
Mika Mármol,DF,Las Palmas,es La Liga,23.0,2399,Defensive CB
Ferland Mendy,DF,Real Madrid,es La Liga,29.0,1005,Defensive CB
Jay Idzes,DF,Venezia,it Serie A,24.0,3127,Defensive CB
Ardian Ismajli,DF,Empoli,it Serie A,27.0,2508,Defensive CB
Chrislain Matsima,DF,Augsburg,de Bundesliga,22.0,2551,Defensive CB
Saba Goglichidze,DF,Empoli,it Serie A,20.0,2539,Defensive CB
Mats Hummels,DF,Roma,it Serie A,35.0,915,Defensive CB
Toti Gomes,DF,Wolves,eng Premier League,25.0,2614,Defensive CB
Marko Ivezić,DF,Holstein Kiel,de Bundesliga,22.0,1657,Defensive CB
Robin Koch,DF,Eint Frankfurt,de Bundesliga,28.0,2586,Defensive CB
Benjamin Pavard,DF,Inter,it Serie A,28.0,1584,Defensive CB
Jérémy Jacquet,DF,Rennes,fr Ligue 1,19.0,927,Defensive CB
Modibo Sagnan,DF,Montpellier,fr Ligue 1,25.0,2141,Defensive CB
Benedikt Gimber,DF,Heidenheim,de Bundesliga,27.0,2671,Defensive CB
Christian Mawissa,DF,Monaco,fr Ligue 1,19.0,1501,Defensive CB
Jorge Sáenz,DF,Leganés,es La Liga,27.0,1690,Defensive CB
Moritz Jenz,DF,Mainz 05,de Bundesliga,25.0,1600,Defensive CB
Juan Jesus,DF,Napoli,it Serie A,33.0,1074,Defensive CB
Falaye Sacko,DF,Montpellier,fr Ligue 1,29.0,1233,Defensive CB
Isak Hien,DF,Atalanta,it Serie A,25.0,2327,Defensive CB
Erhan Mašović,DF,Bochum,de Bundesliga,25.0,910,Defensive CB
Daniele Ghilardi,DF,Hellas Verona,it Serie A,21.0,2029,Defensive CB
Max Geschwill,DF,Holstein Kiel,de Bundesliga,23.0,1282,Defensive CB
Stanko Jurić,MF,Valladolid,es La Liga,27.0,1729,Defensive CB
Anthony Rouault,DF,Rennes,fr Ligue 1,23.0,972,Defensive CB
Juan Herzog,DF,Las Palmas,es La Liga,21.0,1315,Defensive CB
Ethan Pinnock,DF,Brentford,eng Premier League,31.0,1913,Defensive CB
Jake O'Brien,DF,Everton,eng Premier League,23.0,1571,Defensive CB
Arthur Chaves,DF,Hoffenheim,de Bundesliga,23.0,2185,Defensive CB
Obite N'Dicka,DF,Roma,it Serie A,24.0,3420,Defensive CB
David Nemeth,DF,St. Pauli,de Bundesliga,23.0,2137,Defensive CB
Luke Woolfenden,DF,Ipswich Town,eng Premier League,25.0,1187,Defensive CB
Sebastiano Luperto,DF,Cagliari,it Serie A,27.0,3240,Defensive CB
Diogo Leite,DF,Union Berlin,de Bundesliga,25.0,2546,Defensive CB
Christopher Wooh,DF,Rennes,fr Ligue 1,22.0,1456,Defensive CB
Logan Costa,DF,Villarreal,es La Liga,23.0,2587,Defensive CB
Pablo Marí,DF,Fiorentina,it Serie A,30.0,1098,Defensive CB
Timo Becker,DF,Holstein Kiel,de Bundesliga,27.0,2445,Defensive CB
Stefan Bell,DF,Mainz 05,de Bundesliga,32.0,1436,Defensive CB
Enzo Boyomo,DF,Osasuna,es La Liga,22.0,2987,Defensive CB
Jean-Clair Todibo,DF,West Ham,eng Premier League,24.0,1825,Defensive CB
Berat Djimsiti,DF,Atalanta,it Serie A,31.0,2640,Defensive CB
Mattia Viti,DF,Empoli,it Serie A,22.0,2572,Defensive CB
Diego Coppola,DF,Hellas Verona,it Serie A,20.0,2927,Defensive CB
Craig Dawson,DF,Wolves,eng Premier League,34.0,971,Defensive CB
José Luis Palomino,DF,Cagliari,it Serie A,34.0,1081,Defensive CB
Trevoh Chalobah,DF,Crystal Palace,eng Premier League,25.0,1060,Defensive CB
Charlie Cresswell,DF,Toulouse,fr Ligue 1,21.0,2592,Defensive CB
Julian Weigl,MF,Gladbach,de Bundesliga,28.0,2881,Defensive CB
Danilo D'Ambrosio,DF,Monza,it Serie A,35.0,1095,Defensive CB
Santiago Mouriño,DF,Alavés,es La Liga,22.0,1849,Defensive CB
Botond Balogh,DF,Parma,it Serie A,22.0,2053,Defensive CB
Paweł Dawidowicz,"DF,MF",Hellas Verona,it Serie A,29.0,1845,Defensive CB
Brendan Chardonnet,DF,Brest,fr Ligue 1,29.0,2416,Defensive CB
Flavius Daniliuc,DF,Hellas Verona,it Serie A,23.0,1004,Defensive CB
Bernardo,DF,Bochum,de Bundesliga,29.0,1782,Defensive CB
Kevin Danso,DF,Lens,fr Ligue 1,25.0,1080,Defensive CB
Jon Martin,DF,Real Sociedad,es La Liga,18.0,904,Defensive CB
Axel Tuanzebe,DF,Ipswich Town,eng Premier League,26.0,1710,Defensive CB
Juan Berrocal,DF,Getafe,es La Liga,25.0,1063,Defensive CB
Mickael Nade,DF,Saint-Étienne,fr Ligue 1,25.0,2306,Defensive CB
Nicolas Pallois,DF,Nantes,fr Ligue 1,36.0,2017,Defensive CB
Juan Cruz Armada,DF,Osasuna,es La Liga,32.0,1492,Defensive CB
Abakar Sylla,DF,Strasbourg,fr Ligue 1,21.0,950,Defensive CB
Gautier Lloris,DF,Le Havre,fr Ligue 1,29.0,2768,Defensive CB
Guillermo Maripán,DF,Torino,it Serie A,30.0,2340,Defensive CB
Leo Skiri Østigård,DF,Rennes,fr Ligue 1,24.0,1227,Defensive CB
Marco Friedl,DF,Werder Bremen,de Bundesliga,26.0,2161,Defensive CB
Giangiacomo Magnani,DF,Hellas Verona,it Serie A,28.0,1065,Defensive CB
Nathan Zeze,DF,Nantes,fr Ligue 1,19.0,1512,Defensive CB
Cameron Burgess,DF,Ipswich Town,eng Premier League,28.0,1541,Defensive CB
Cedric Zesiger,DF,Augsburg,de Bundesliga,26.0,1221,Defensive CB
Alejandro Francés,DF,Girona,es La Liga,21.0,1173,Defensive CB
Juan Foyth,DF,Villarreal,es La Liga,26.0,1517,Defensive CB
Lautaro Valenti,DF,Parma,it Serie A,25.0,1556,Defensive CB
Alessandro Buongiorno,DF,Napoli,it Serie A,25.0,1924,Defensive CB
Pietro Comuzzo,DF,Fiorentina,it Serie A,19.0,2110,Defensive CB
Santiago Bueno,DF,Wolves,eng Premier League,25.0,1687,Defensive CB
Caleb Okoli,DF,Leicester City,eng Premier League,23.0,1125,Defensive CB
Miloš Veljković,DF,Werder Bremen,de Bundesliga,28.0,1029,Defensive CB
Maxence Lacroix,DF,Crystal Palace,eng Premier League,24.0,3116,Defensive CB
Radu Drăgușin,DF,Tottenham,eng Premier League,22.0,1252,Defensive CB
Domingos Duarte,DF,Getafe,es La Liga,29.0,1859,Defensive CB
Álex Suárez,DF,Las Palmas,es La Liga,31.0,2460,Defensive CB
Reinildo Mandava,DF,Atlético Madrid,es La Liga,30.0,941,Defensive CB
Abdoulaye Niakhate Ndiaye,DF,Brest,fr Ligue 1,22.0,1707,Defensive CB
Yerry Mina,DF,Cagliari,it Serie A,29.0,2569,Defensive CB
Andrea Carboni,DF,Monza,it Serie A,23.0,2191,Defensive CB
Raúl Albiol,DF,Villarreal,es La Liga,38.0,1188,Defensive CB
Nico Elvedi,DF,Gladbach,de Bundesliga,27.0,2135,Defensive CB
Jack Stephens,DF,Southampton,eng Premier League,30.0,1389,Defensive CB
Aitor Paredes,DF,Athletic Club,es La Liga,24.0,1812,Defensive CB
Gianluca Mancini,DF,Roma,it Serie A,28.0,3143,Defensive CB
Leopold Querfeld,DF,Union Berlin,de Bundesliga,20.0,1747,Defensive CB
Chris Richards,DF,Crystal Palace,eng Premier League,24.0,1922,Defensive CB
Haris Belkebla,MF,Angers,fr Ligue 1,30.0,1792,Defensive Fullback
Pedro Pereira,DF,Monza,it Serie A,26.0,2665,Defensive Fullback
Yassin Belkhdim,MF,Angers,fr Ligue 1,22.0,1523,Defensive Fullback
Andrey Santos,MF,Strasbourg,fr Ligue 1,20.0,2855,Defensive Fullback
Viti,DF,Las Palmas,es La Liga,26.0,1982,Defensive Fullback
Lucas Oliveira Rosa,DF,Valladolid,es La Liga,24.0,1890,Defensive Fullback
Sebastian Walukiewicz,DF,Torino,it Serie A,24.0,1661,Defensive Fullback
Adama Boiro,"DF,FW",Athletic Club,es La Liga,22.0,1101,Defensive Fullback
Ayyoub Bouaddi,MF,Lille,fr Ligue 1,16.0,1151,Defensive Fullback
Mathías Olivera,DF,Napoli,it Serie A,26.0,2370,Defensive Fullback
James Bree,DF,Southampton,eng Premier League,26.0,1075,Defensive Fullback
Joël Veltman,DF,Brighton,eng Premier League,32.0,1697,Defensive Fullback
Timothee Pembele,DF,Le Havre,fr Ligue 1,21.0,1113,Defensive Fullback
Jesus Vazquez,DF,Valencia,es La Liga,21.0,919,Defensive Fullback
Aurélio Buta,DF,Reims,fr Ligue 1,27.0,1970,Defensive Fullback
Magnus Knudsen,MF,Holstein Kiel,de Bundesliga,23.0,1850,Defensive Fullback
Vitaly Janelt,MF,Brentford,eng Premier League,26.0,2254,Defensive Fullback
Beñat Prados,MF,Athletic Club,es La Liga,23.0,1715,Defensive Fullback
Ben White,DF,Arsenal,eng Premier League,26.0,1198,Defensive Fullback
Kelvin Amian,DF,Nantes,fr Ligue 1,26.0,2165,Defensive Fullback
Tom Rothe,"DF,MF",Union Berlin,de Bundesliga,19.0,1670,Defensive Fullback
Adrià Altimira,"DF,FW",Leganés,es La Liga,23.0,1630,Defensive Fullback
Valentin Rosier,DF,Leganés,es La Liga,27.0,2595,Defensive Fullback
Lasse Rosenboom,DF,Holstein Kiel,de Bundesliga,22.0,1734,Defensive Fullback
Kevin Akpoguma,DF,Hoffenheim,de Bundesliga,29.0,2220,Defensive Fullback
Jean-Daniel Akpa-Akpro,MF,Monza,it Serie A,31.0,966,Defensive Fullback
Dennis Appiah,DF,Saint-Étienne,fr Ligue 1,32.0,2128,Defensive Fullback
Kristoffer Ajer,DF,Brentford,eng Premier League,26.0,1438,Defensive Fullback
Aljoscha Kemlein,MF,Union Berlin,de Bundesliga,19.0,922,Defensive Fullback
Jean-Eudes Aholou,MF,Angers,fr Ligue 1,30.0,1959,Defensive Fullback
Tyler Adams,MF,Bournemouth,eng Premier League,25.0,1965,Defensive Fullback
Rani Khedira,MF,Union Berlin,de Bundesliga,30.0,2723,Defensive Fullback
Rabby Nzingoula,MF,Montpellier,fr Ligue 1,18.0,1689,Defensive Fullback
Carlos Romero,DF,Espanyol,es La Liga,22.0,2554,Defensive Fullback
Adam Marušić,DF,Lazio,it Serie A,31.0,2337,Defensive Fullback
Ola Aina,DF,Nott'ham Forest,eng Premier League,27.0,2995,Defensive Fullback
Javi López,DF,Real Sociedad,es La Liga,22.0,1936,Defensive Fullback
Jon Aramburu,DF,Real Sociedad,es La Liga,22.0,2460,Defensive Fullback
James Justin,DF,Leicester City,eng Premier League,26.0,2912,Defensive Fullback
Mats Wieffer,"DF,MF",Brighton,eng Premier League,24.0,1015,Defensive Fullback
Neco Williams,DF,Nott'ham Forest,eng Premier League,23.0,2594,Defensive Fullback
Pau Navarro,DF,Villarreal,es La Liga,19.0,916,Defensive Fullback
Anthony Losilla,MF,Bochum,de Bundesliga,38.0,1137,Defensive Fullback
Ricardo Rodríguez,DF,Betis,es La Liga,31.0,1274,Defensive Fullback
Youssouf Sabaly,DF,Betis,es La Liga,31.0,1581,Defensive Fullback
Ben Johnson,"DF,FW",Ipswich Town,eng Premier League,24.0,1354,Defensive Fullback
Ryan Yates,MF,Nott'ham Forest,eng Premier League,26.0,1915,Defensive Fullback
Han-Noah Massengo,MF,Auxerre,fr Ligue 1,23.0,1046,Defensive Fullback
Iván Balliu,DF,Rayo Vallecano,es La Liga,32.0,1200,Defensive Fullback
Jens Cajuste,MF,Ipswich Town,eng Premier League,24.0,1959,Defensive Fullback
Patrizio Masini,MF,Genoa,it Serie A,23.0,1538,Defensive Fullback
Rassoul Ndiaye,MF,Le Havre,fr Ligue 1,22.0,1061,Defensive Fullback
Wilfred Ndidi,MF,Leicester City,eng Premier League,27.0,2324,Defensive Fullback
Adam Obert,DF,Cagliari,it Serie A,21.0,1077,Defensive Fullback
Valentin Atangana Edoa,MF,Reims,fr Ligue 1,18.0,2854,Defensive Fullback
Tim Oermann,DF,Bochum,de Bundesliga,20.0,2213,Defensive Fullback
Riccardo Calafiori,DF,Arsenal,eng Premier League,22.0,983,Defensive Fullback
Giovanni Di Lorenzo,DF,Napoli,it Serie A,30.0,3330,Defensive Fullback
Manu Sánchez,DF,Alavés,es La Liga,23.0,2634,Defensive Fullback
Moussa Diarra,DF,Alavés,es La Liga,23.0,1866,Defensive Fullback
Nicolai Remberg,MF,Holstein Kiel,de Bundesliga,24.0,2417,Defensive Fullback
Nahuel Tenaglia,DF,Alavés,es La Liga,28.0,2922,Defensive Fullback
Lorenzo De Silvestri,DF,Bologna,it Serie A,36.0,1060,Defensive Fullback
Alberto Grassi,MF,Empoli,it Serie A,29.0,2203,Defensive Fullback
Archie Gray,"DF,MF",Tottenham,eng Premier League,18.0,1751,Defensive Fullback
Kenny Tete,DF,Fulham,eng Premier League,28.0,1774,Defensive Fullback
Johann Lepenant,MF,Nantes,fr Ligue 1,21.0,2048,Defensive Fullback
Matteo Darmian,DF,Inter,it Serie A,34.0,1781,Defensive Fullback
Elisha Owusu,MF,Auxerre,fr Ligue 1,26.0,2344,Defensive Fullback
Nemanja Gudelj,"MF,DF",Sevilla,es La Liga,32.0,2493,Defensive Fullback
Nélson Semedo,DF,Wolves,eng Premier League,30.0,2886,Defensive Fullback
Juanlu Sánchez,"MF,DF",Sevilla,es La Liga,20.0,1722,Defensive Fullback
Marc Cucurella,DF,Chelsea,eng Premier League,26.0,2988,Defensive Fullback
Nicolas Cozza,"DF,MF",Nantes,fr Ligue 1,25.0,2051,Defensive Fullback
Orel Mangala,MF,Everton,eng Premier League,26.0,1261,Defensive Fullback
Lassana Coulibaly,MF,Lecce,it Serie A,28.0,2667,Defensive Fullback
Álex Moreno,"DF,MF",Nott'ham Forest,eng Premier League,31.0,955,Defensive Fullback
Urko González,MF,Espanyol,es La Liga,23.0,1374,Defensive Fullback
Idrissa Gana Gueye,MF,Everton,eng Premier League,34.0,3063,Defensive Fullback
Oliver Skipp,MF,Leicester City,eng Premier League,23.0,1129,Defensive Fullback
Morten Frendrup,MF,Genoa,it Serie A,23.0,3103,Defensive Fullback
James Garner,"MF,DF",Everton,eng Premier League,23.0,1594,Defensive Fullback
Adam Smith,DF,Bournemouth,eng Premier League,33.0,1590,Defensive Fullback
Dimitri Foulquier,DF,Valencia,es La Liga,31.0,2299,Defensive Fullback
Kilian Fischer,DF,Wolfsburg,de Bundesliga,23.0,2297,Defensive Fullback
Youssef Maleh,MF,Empoli,it Serie A,25.0,1510,Defensive Fullback
Yannick Gerhardt,"MF,DF",Wolfsburg,de Bundesliga,30.0,1518,Defensive Fullback
Tyrick Mitchell,DF,Crystal Palace,eng Premier League,24.0,3092,Defensive Fullback
Lukas Kübler,DF,Freiburg,de Bundesliga,31.0,1842,Defensive Fullback
Emerson Palmieri,DF,West Ham,eng Premier League,29.0,2113,Defensive Fullback
Lars Ritzka,"DF,MF",St. Pauli,de Bundesliga,26.0,922,Defensive Fullback
Nicolás Domínguez,"MF,FW",Nott'ham Forest,eng Premier League,26.0,1963,Defensive Fullback
Djené,"DF,MF",Getafe,es La Liga,32.0,2548,Defensive Fullback
Nicolás Tagliafico,DF,Lyon,fr Ligue 1,31.0,1902,Defensive Fullback
Danny da Costa,DF,Mainz 05,de Bundesliga,31.0,2006,Defensive Fullback
Luke Thomas,DF,Leicester City,eng Premier League,23.0,1110,Defensive Fullback
Aihen Muñoz,DF,Real Sociedad,es La Liga,26.0,1098,Defensive Fullback
Zeki Çelik,DF,Roma,it Serie A,27.0,2256,Defensive Fullback
Daniel Muñoz,DF,Crystal Palace,eng Premier League,28.0,3228,Defensive Fullback
Jack Hinshelwood,"MF,DF",Brighton,eng Premier League,19.0,1842,Defensive Fullback
Timothy Castagne,DF,Fulham,eng Premier League,28.0,1649,Defensive Fullback
Destiny Udogie,DF,Tottenham,eng Premier League,21.0,1924,Defensive Fullback
Matty Cash,DF,Aston Villa,eng Premier League,26.0,2070,Defensive Fullback
Manuel Ugarte Ribeiro,MF,Manchester Utd,eng Premier League,23.0,1785,Defensive Fullback
Javi Hernández,DF,Leganés,es La Liga,26.0,2389,Defensive Fullback
Lesley Ugochukwu,MF,Southampton,eng Premier League,20.0,1655,Defensive Fullback
Antonio Candela,DF,Valladolid,es La Liga,24.0,906,Defensive Fullback
Noussair Mazraoui,DF,Manchester Utd,eng Premier League,26.0,2838,Defensive Fullback
Omar El Hilali,DF,Espanyol,es La Liga,20.0,3153,Defensive Fullback
Guido Rodríguez,MF,West Ham,eng Premier League,30.0,1149,Defensive Fullback
Lukas Ullrich,DF,Gladbach,de Bundesliga,20.0,1903,Defensive Fullback
Sael Kumbedi,DF,Lyon,fr Ligue 1,19.0,951,Defensive Fullback
Léo Pétrot,DF,Saint-Étienne,fr Ligue 1,27.0,2634,Defensive Fullback
Antonio Candela,DF,Venezia,it Serie A,24.0,1008,Defensive Fullback
Nicolò Savona,DF,Juventus,it Serie A,21.0,1724,Defensive Fullback
Ridgeciano Haps,DF,Venezia,it Serie A,31.0,1369,Defensive Fullback
Nnamdi Collins,DF,Eint Frankfurt,de Bundesliga,20.0,1489,Defensive Fullback
Lilian Raolisoa,"DF,FW",Angers,fr Ligue 1,24.0,1318,Defensive Fullback
Ignace Van Der Brempt,DF,Como,it Serie A,22.0,1257,Defensive Fullback
András Schäfer,MF,Union Berlin,de Bundesliga,25.0,1534,Defensive Fullback
Álex Valle,DF,Como,it Serie A,20.0,1030,Defensive Fullback
Óscar Valentín,MF,Rayo Vallecano,es La Liga,29.0,1835,Defensive Fullback
Janik Haberer,"MF,DF",Union Berlin,de Bundesliga,30.0,1696,Defensive Fullback
Joe Scally,DF,Gladbach,de Bundesliga,21.0,2578,Defensive Fullback
Philipp Treu,"MF,DF",St. Pauli,de Bundesliga,23.0,2881,Defensive Fullback
Mario Martín,MF,Valladolid,es La Liga,20.0,1748,Defensive Fullback
Massadio Haïdara,DF,Brest,fr Ligue 1,31.0,1678,Defensive Fullback
Karol Linetty,MF,Torino,it Serie A,29.0,1540,Defensive Fullback
Álex Muñoz,DF,Las Palmas,es La Liga,30.0,1415,Defensive Fullback
Amadou Koné,MF,Reims,fr Ligue 1,19.0,1293,Defensive Fullback
Omar Marmoush,FW,Eint Frankfurt,de Bundesliga,25.0,1448,Dynamic Attacker
Dejan Kulusevski,"MF,FW",Tottenham,eng Premier League,24.0,2389,Dynamic Attacker
Khvicha Kvaratskhelia,"FW,MF",Napoli,it Serie A,23.0,1178,Dynamic Attacker
Mohammed Kudus,"FW,MF",West Ham,eng Premier League,23.0,2590,Dynamic Attacker
Noni Madueke,FW,Chelsea,eng Premier League,22.0,2033,Dynamic Attacker
Ademola Lookman,"MF,FW",Atalanta,it Serie A,26.0,2247,Dynamic Attacker
Christian Pulisic,"FW,MF",Milan,it Serie A,25.0,2478,Dynamic Attacker
Matteo Politano,"FW,MF",Napoli,it Serie A,30.0,2804,Dynamic Attacker
Rafael Leão,FW,Milan,it Serie A,25.0,2323,Dynamic Attacker
Raphinha,"FW,MF",Barcelona,es La Liga,27.0,2839,Dynamic Attacker
Gabriel Martinelli,"FW,MF",Arsenal,eng Premier League,23.0,2290,Dynamic Attacker
Dodi Lukebakio,FW,Sevilla,es La Liga,26.0,3092,Dynamic Attacker
Tijjani Reijnders,MF,Milan,it Serie A,26.0,3128,Dynamic Attacker
Rodrygo,"FW,MF",Real Madrid,es La Liga,23.0,1928,Dynamic Attacker
Andrej Kramarić,"MF,FW",Hoffenheim,de Bundesliga,33.0,2767,Dynamic Attacker
Giacomo Raspadori,"FW,MF",Napoli,it Serie A,24.0,1103,Dynamic Attacker
Marcus Rashford,"FW,MF",Manchester Utd,eng Premier League,26.0,978,Dynamic Attacker
Justin Kluivert,MF,Bournemouth,eng Premier League,25.0,2340,Dynamic Attacker
Gaëtan Perrin,"MF,FW",Auxerre,fr Ligue 1,28.0,2691,Dynamic Attacker
Takefusa Kubo,"MF,FW",Real Sociedad,es La Liga,23.0,2372,Dynamic Attacker
Luis Rioja,"MF,FW",Valencia,es La Liga,30.0,2831,Dynamic Attacker
Khvicha Kvaratskhelia,FW,Paris S-G,fr Ligue 1,23.0,916,Dynamic Attacker
Vinicius Júnior,FW,Real Madrid,es La Liga,24.0,2253,Dynamic Attacker
Ludovic Blas,"MF,FW",Rennes,fr Ligue 1,26.0,2293,Dynamic Attacker
Jeremie Boga,"MF,FW",Nice,fr Ligue 1,27.0,1054,Dynamic Attacker
Badredine Bouanani,"MF,FW",Nice,fr Ligue 1,19.0,1099,Dynamic Attacker
Jarrod Bowen,"FW,MF",West Ham,eng Premier League,27.0,2973,Dynamic Attacker
David Brooks,"FW,MF",Bournemouth,eng Premier League,27.0,960,Dynamic Attacker
Marius Bülter,"FW,DF",Hoffenheim,de Bundesliga,31.0,1729,Dynamic Attacker
Rémy Cabella,"FW,MF",Lille,fr Ligue 1,34.0,1011,Dynamic Attacker
Jacob Murphy,FW,Newcastle Utd,eng Premier League,29.0,2360,Dynamic Attacker
Gianluca Caprari,"MF,FW",Monza,it Serie A,31.0,1651,Dynamic Attacker
Irvin Cardona,FW,Saint-Étienne,fr Ligue 1,26.0,1063,Dynamic Attacker
Viktor Tsyhankov,"FW,MF",Girona,es La Liga,26.0,1913,Dynamic Attacker
Fares Chaïbi,"MF,FW",Eint Frankfurt,de Bundesliga,21.0,1013,Dynamic Attacker
Leandro Trossard,FW,Arsenal,eng Premier League,29.0,2546,Dynamic Attacker
Samuel Chukwueze,"FW,MF",Milan,it Serie A,25.0,925,Dynamic Attacker
Adama Traoré,"FW,MF",Fulham,eng Premier League,28.0,1772,Dynamic Attacker
Kingsley Coman,FW,Bayern Munich,de Bundesliga,28.0,1282,Dynamic Attacker
Francisco Conceição,"FW,MF",Juventus,it Serie A,21.0,1340,Dynamic Attacker
Thomas Müller,"MF,FW",Bayern Munich,de Bundesliga,34.0,1225,Dynamic Attacker
Matheus Cunha,"MF,FW",Wolves,eng Premier League,25.0,2597,Dynamic Attacker
Sorba Thomas,"FW,MF",Nantes,fr Ligue 1,24.0,1321,Dynamic Attacker
Riccardo Orsolini,FW,Bologna,it Serie A,27.0,1878,Dynamic Attacker
Arnaut Danjuma,"FW,MF",Girona,es La Liga,27.0,1335,Dynamic Attacker
Florian Thauvin,"FW,MF",Udinese,it Serie A,31.0,1956,Dynamic Attacker
Zuriko Davitashvili,"FW,MF",Saint-Étienne,fr Ligue 1,23.0,2778,Dynamic Attacker
Charles De Ketelaere,"MF,FW",Atalanta,it Serie A,23.0,2070,Dynamic Attacker
Álex Berenguer,"FW,MF",Athletic Club,es La Liga,29.0,2339,Dynamic Attacker
Raúl Moro,"MF,FW",Valladolid,es La Liga,21.0,2341,Dynamic Attacker
Noah Weißhaupt,"FW,MF",St. Pauli,de Bundesliga,22.0,1160,Dynamic Attacker
Iñaki Williams,FW,Athletic Club,es La Liga,30.0,2652,Dynamic Attacker
Edon Zhegrova,"FW,MF",Lille,fr Ligue 1,25.0,978,Dynamic Attacker
Karim Adeyemi,"FW,MF",Dortmund,de Bundesliga,22.0,1433,Dynamic Attacker
Simon Adingra,"FW,MF",Brighton,eng Premier League,22.0,1097,Dynamic Attacker
Bryan Zaragoza,"FW,MF",Osasuna,es La Liga,23.0,1836,Dynamic Attacker
Maghnes Akliouche,"FW,MF",Monaco,fr Ligue 1,22.0,2406,Dynamic Attacker
Alfon,"FW,MF",Celta Vigo,es La Liga,25.0,1371,Dynamic Attacker
Mohamed Ali Cho,"FW,MF",Nice,fr Ligue 1,20.0,1621,Dynamic Attacker
Julián Álvarez,FW,Atlético Madrid,es La Liga,24.0,2509,Dynamic Attacker
Mohamed Amoura,FW,Wolfsburg,de Bundesliga,24.0,2467,Dynamic Attacker
Mattia Zaccagni,FW,Lazio,it Serie A,29.0,2686,Dynamic Attacker
Antony,FW,Betis,es La Liga,24.0,1362,Dynamic Attacker
Kenan Yıldız,"FW,MF",Juventus,it Serie A,19.0,2402,Dynamic Attacker
John Yeboah,"FW,MF",Venezia,it Serie A,24.0,1226,Dynamic Attacker
Hákon Arnar Haraldsson,"MF,FW",Lille,fr Ligue 1,21.0,1755,Dynamic Attacker
Pedro Neto,FW,Chelsea,eng Premier League,24.0,2269,Dynamic Attacker
David Neres,FW,Napoli,it Serie A,27.0,1283,Dynamic Attacker
Yaser Asprilla,"FW,MF",Girona,es La Liga,20.0,1405,Dynamic Attacker
Matt O'Riley,MF,Brighton,eng Premier League,23.0,938,Dynamic Attacker
Jeong Woo-yeong,"MF,FW",Union Berlin,de Bundesliga,24.0,1263,Dynamic Attacker
Dan Ndoye,FW,Bologna,it Serie A,23.0,2143,Dynamic Attacker
Leon Bailey,"FW,MF",Aston Villa,eng Premier League,26.0,1139,Dynamic Attacker
Dilane Bakwa,"MF,DF",Strasbourg,fr Ligue 1,21.0,2497,Dynamic Attacker
Nico Williams,FW,Athletic Club,es La Liga,22.0,1996,Dynamic Attacker
Bradley Barcola,FW,Paris S-G,fr Ligue 1,21.0,2181,Dynamic Attacker
Harvey Barnes,FW,Newcastle Utd,eng Premier League,26.0,1755,Dynamic Attacker
Sheraldo Becker,"FW,MF",Real Sociedad,es La Liga,29.0,995,Dynamic Attacker
Mathys Tel,FW,Tottenham,eng Premier League,19.0,911,Dynamic Attacker
Ousmane Dembélé,FW,Paris S-G,fr Ligue 1,27.0,1730,Dynamic Attacker
Marcus Tavernier,"FW,MF",Bournemouth,eng Premier League,25.0,1939,Dynamic Attacker
Mason Greenwood,"FW,MF",Marseille,fr Ligue 1,22.0,2804,Dynamic Attacker
Antoine Griezmann,"FW,MF",Atlético Madrid,es La Liga,33.0,2469,Dynamic Attacker
Gonçalo Guedes,"MF,FW",Wolves,eng Premier League,27.0,995,Dynamic Attacker
Evann Guessand,"FW,MF",Nice,fr Ligue 1,23.0,2565,Dynamic Attacker
Léo Scienza,"FW,MF",Heidenheim,de Bundesliga,25.0,1153,Dynamic Attacker
Robin Hack,"FW,MF",Gladbach,de Bundesliga,25.0,2172,Dynamic Attacker
Sávio,"FW,MF",Manchester City,eng Premier League,20.0,1766,Dynamic Attacker
Bryan Mbeumo,FW,Brentford,eng Premier League,24.0,3414,Dynamic Attacker
Lorenzo Pellegrini,MF,Roma,it Serie A,28.0,1626,Dynamic Attacker
Ismaila Sarr,MF,Crystal Palace,eng Premier League,26.0,2711,Dynamic Attacker
Son Heung-min,FW,Tottenham,eng Premier League,32.0,2110,Dynamic Attacker
Leroy Sané,FW,Bayern Munich,de Bundesliga,28.0,1637,Dynamic Attacker
Jadon Sancho,FW,Chelsea,eng Premier League,24.0,1764,Dynamic Attacker
Franck Honorat,FW,Gladbach,de Bundesliga,27.0,1439,Dynamic Attacker
Callum Hudson-Odoi,"FW,MF",Nott'ham Forest,eng Premier League,23.0,2194,Dynamic Attacker
Oihan Sancet,MF,Athletic Club,es La Liga,24.0,1620,Dynamic Attacker
Nicolas Pépé,"FW,MF",Villarreal,es La Liga,29.0,1500,Dynamic Attacker
Mohamed Salah,FW,Liverpool,eng Premier League,32.0,3371,Dynamic Attacker
Bukayo Saka,"FW,MF",Arsenal,eng Premier League,22.0,1729,Dynamic Attacker
Gustav Isaksen,FW,Lazio,it Serie A,23.0,2210,Dynamic Attacker
Alex Iwobi,"FW,MF",Fulham,eng Premier League,28.0,2981,Dynamic Attacker
Osame Sahraoui,"FW,MF",Lille,fr Ligue 1,23.0,1293,Dynamic Attacker
João Pedro,"FW,MF",Brighton,eng Premier League,22.0,1948,Dynamic Attacker
Georginio Rutter,"MF,FW",Brighton,eng Premier League,22.0,1656,Dynamic Attacker
Hamed Junior Traorè,MF,Auxerre,fr Ligue 1,24.0,2093,Dynamic Attacker
Stephan El Shaarawy,"DF,MF",Roma,it Serie A,31.0,1098,Dynamic Attacker
Anthony Gordon,"FW,MF",Newcastle Utd,eng Premier League,23.0,2434,Dynamic Attacker
Serge Gnabry,"FW,MF",Bayern Munich,de Bundesliga,29.0,1242,Dynamic Attacker
Jamie Gittens,"FW,MF",Dortmund,de Bundesliga,19.0,1776,Dynamic Attacker
Amad Diallo,"MF,FW",Manchester Utd,eng Premier League,22.0,1901,Dynamic Attacker
Luis Díaz,FW,Liverpool,eng Premier League,27.0,2399,Dynamic Attacker
Musa Al-Taamari,"FW,MF",Montpellier,fr Ligue 1,27.0,1116,Dynamic Attacker
Jeremy Doku,"FW,MF",Manchester City,eng Premier League,22.0,1516,Dynamic Attacker
Désiré Doué,"FW,MF",Paris S-G,fr Ligue 1,19.0,1730,Dynamic Attacker
Alberto Moleiro,"FW,MF",Las Palmas,es La Liga,20.0,2714,Dynamic Attacker
Marvin Ducksch,FW,Werder Bremen,de Bundesliga,30.0,2418,Dynamic Attacker
Cole Palmer,"MF,FW",Chelsea,eng Premier League,22.0,3191,Dynamic Attacker
Alassane Pléa,"MF,FW",Gladbach,de Bundesliga,31.0,1902,Dynamic Attacker
Anthony Elanga,"FW,MF",Nott'ham Forest,eng Premier League,22.0,2501,Dynamic Attacker
Elif Elmas,"FW,MF",Torino,it Serie A,24.0,1021,Dynamic Attacker
Takumi Minamino,"MF,FW",Monaco,fr Ligue 1,29.0,2231,Dynamic Attacker
Morgan Rogers,"FW,MF",Aston Villa,eng Premier League,22.0,3114,Dynamic Attacker
Abde Ezzalzouli,"FW,MF",Betis,es La Liga,22.0,1984,Dynamic Attacker
Florian Sotoca,"FW,MF",Lens,fr Ligue 1,33.0,1794,Dynamic Attacker
Dennis Man,"FW,MF",Parma,it Serie A,25.0,1995,Dynamic Attacker
Matias Fernandez-Pardo,"FW,MF",Lille,fr Ligue 1,19.0,1065,Dynamic Attacker
Phil Foden,"MF,FW",Manchester City,eng Premier League,24.0,1777,Dynamic Attacker
Malick Fofana,FW,Lyon,fr Ligue 1,19.0,1589,Dynamic Attacker
Chris Führich,"MF,FW",Stuttgart,de Bundesliga,26.0,1981,Dynamic Attacker
Gianluca Gaetano,"MF,FW",Cagliari,it Serie A,24.0,1009,Dynamic Attacker
Cody Gakpo,FW,Liverpool,eng Premier League,25.0,1935,Dynamic Attacker
Alejandro Garnacho,"MF,FW",Manchester Utd,eng Premier League,20.0,2199,Dynamic Attacker
Yann Gboho,"MF,FW",Toulouse,fr Ligue 1,23.0,2333,Dynamic Attacker
Morgan Gibbs-White,MF,Nott'ham Forest,eng Premier League,24.0,2803,Dynamic Attacker
Moses Simon,"FW,MF",Nantes,fr Ligue 1,29.0,2609,Dynamic Attacker
Matìas Soulé,"MF,DF",Roma,it Serie A,21.0,1781,Dynamic Attacker
Chidera Ejuke,FW,Sevilla,es La Liga,26.0,966,Dynamic Attacker
Lucas Paquetá,"MF,FW",West Ham,eng Premier League,26.0,2380,Playmaker
Pedro,"FW,MF",Lazio,it Serie A,37.0,1102,Playmaker
Matheus Nunes,"DF,MF",Manchester City,eng Premier League,25.0,1674,Playmaker
João Neves,"MF,DF",Paris S-G,fr Ligue 1,19.0,1844,Playmaker
Michael Olise,"FW,MF",Bayern Munich,de Bundesliga,22.0,2334,Playmaker
Jamal Musiala,MF,Bayern Munich,de Bundesliga,21.0,1798,Playmaker
Dani Olmo,"MF,FW",Barcelona,es La Liga,26.0,1212,Playmaker
Exequiel Palacios,MF,Leverkusen,de Bundesliga,25.0,1155,Playmaker
Isaac Palazón Camacho,"MF,FW",Rayo Vallecano,es La Liga,29.0,2162,Playmaker
Luka Modrić,MF,Real Madrid,es La Liga,38.0,1827,Playmaker
Henrikh Mkhitaryan,MF,Inter,it Serie A,35.0,2328,Playmaker
Óscar Mingueza,"MF,DF",Celta Vigo,es La Liga,25.0,2729,Playmaker
Enzo Millot,"MF,FW",Stuttgart,de Bundesliga,22.0,1843,Playmaker
Luis Milla,MF,Getafe,es La Liga,29.0,2875,Playmaker
Mario Pašalić,MF,Atalanta,it Serie A,29.0,1967,Playmaker
Nuno Mendes,DF,Paris S-G,fr Ligue 1,22.0,1676,Playmaker
Nicolás Paz,"MF,FW",Como,it Serie A,19.0,2687,Playmaker
Dwight McNeil,"MF,FW",Everton,eng Premier League,24.0,1371,Playmaker
Pedri,MF,Barcelona,es La Liga,21.0,2879,Playmaker
Andreas Pereira,MF,Fulham,eng Premier League,28.0,2013,Playmaker
Răzvan Marin,MF,Cagliari,it Serie A,28.0,1406,Playmaker
Xavi Simons,MF,RB Leipzig,de Bundesliga,21.0,2150,Playmaker
Mitchel Bakker,"FW,DF",Lille,fr Ligue 1,24.0,1139,Playmaker
Adam Wharton,MF,Crystal Palace,eng Premier League,20.0,1318,Playmaker
Kevin Stöger,MF,Gladbach,de Bundesliga,30.0,1551,Playmaker
Angelo Stiller,MF,Stuttgart,de Bundesliga,23.0,2741,Playmaker
Ander Barrenetxea,"MF,FW",Real Sociedad,es La Liga,22.0,1263,Playmaker
Nicolò Barella,MF,Inter,it Serie A,27.0,2456,Playmaker
Christian Eriksen,MF,Manchester Utd,eng Premier League,32.0,1061,Playmaker
Leonardo Spinazzola,"DF,FW",Napoli,it Serie A,31.0,1517,Playmaker
Edu Expósito,MF,Espanyol,es La Liga,27.0,1045,Playmaker
Eberechi Eze,"MF,FW",Crystal Palace,eng Premier League,26.0,2588,Playmaker
Nicolò Fagioli,MF,Fiorentina,it Serie A,23.0,962,Playmaker
Aron Dønnum,"DF,MF",Toulouse,fr Ligue 1,26.0,2689,Playmaker
Bruno Fernandes,MF,Manchester Utd,eng Premier League,29.0,3018,Playmaker
Pablo Fornals,"MF,FW",Betis,es La Liga,28.0,1827,Playmaker
Steven Skrzybski,"MF,FW",Holstein Kiel,de Bundesliga,31.0,1323,Playmaker
Angelo Fulgini,"MF,FW",Lens,fr Ligue 1,27.0,1045,Playmaker
Manuel Fuster,"FW,MF",Las Palmas,es La Liga,26.0,1003,Playmaker
Aleix García,MF,Leverkusen,de Bundesliga,27.0,1455,Playmaker
Florian Wirtz,"MF,FW",Leverkusen,de Bundesliga,21.0,2351,Playmaker
Rubén García,"FW,MF",Osasuna,es La Liga,31.0,2413,Playmaker
Danel Sinani,"FW,MF",St. Pauli,de Bundesliga,27.0,1250,Playmaker
Rayan Cherki,"FW,MF",Lyon,fr Ligue 1,20.0,2041,Playmaker
Aleksandr Golovin,"MF,FW",Monaco,fr Ligue 1,28.0,1153,Playmaker
Enzo Fernández,MF,Chelsea,eng Premier League,23.0,2947,Playmaker
Alex Baena,"MF,FW",Villarreal,es La Liga,23.0,2595,Playmaker
Paulo Dybala,"FW,MF",Roma,it Serie A,30.0,1417,Playmaker
Mitchell Weiser,"DF,MF",Werder Bremen,de Bundesliga,30.0,2868,Playmaker
Andrea Cambiaso,"DF,FW",Juventus,it Serie A,24.0,2221,Playmaker
Hakan Çalhanoğlu,MF,Inter,it Serie A,30.0,1879,Playmaker
Corentin Tolisso,MF,Lyon,fr Ligue 1,29.0,2329,Playmaker
Youri Tielemans,MF,Aston Villa,eng Premier League,27.0,3026,Playmaker
Julian Brandt,MF,Dortmund,de Bundesliga,28.0,2303,Playmaker
Lucas Da Cunha,MF,Como,it Serie A,23.0,2613,Playmaker
Nicolas Viola,"FW,MF",Cagliari,it Serie A,34.0,1267,Playmaker
Mikkel Damsgaard,"MF,FW",Brentford,eng Premier League,24.0,2911,Playmaker
Sergi Darder,"MF,FW",Mallorca,es La Liga,30.0,2744,Playmaker
Vitinha,MF,Paris S-G,fr Ligue 1,24.0,2042,Playmaker
Alfred Duncan,MF,Venezia,it Serie A,31.0,957,Playmaker
Alphonso Davies,DF,Bayern Munich,de Bundesliga,23.0,1560,Playmaker
Rodrigo De Paul,MF,Atlético Madrid,es La Liga,30.0,2106,Playmaker
Romain Del Castillo,FW,Brest,fr Ligue 1,28.0,1259,Playmaker
Leonardo Bittencourt,MF,Werder Bremen,de Bundesliga,30.0,982,Playmaker
Brahim Díaz,"FW,MF",Real Madrid,es La Liga,24.0,1385,Playmaker
Pedro Díaz,MF,Rayo Vallecano,es La Liga,26.0,1211,Playmaker
Federico Dimarco,"DF,FW",Inter,it Serie A,26.0,2140,Playmaker
Sofiane Diop,"MF,FW",Nice,fr Ligue 1,24.0,1064,Playmaker
Eliesse Ben Seghir,"MF,FW",Monaco,fr Ligue 1,19.0,1750,Playmaker
Dominik Szoboszlai,MF,Liverpool,eng Premier League,23.0,2491,Playmaker
Jude Bellingham,MF,Real Madrid,es La Liga,21.0,2488,Playmaker
Kevin De Bruyne,"MF,FW",Manchester City,eng Premier League,33.0,1702,Playmaker
Vincenzo Grifo,"FW,MF",Freiburg,de Bundesliga,31.0,2432,Playmaker
Dani Ceballos,MF,Real Madrid,es La Liga,27.0,1215,Playmaker
Raphaël Guerreiro,"DF,MF",Bayern Munich,de Bundesliga,30.0,1572,Playmaker
Alexis Saelemaekers,"DF,FW",Roma,it Serie A,25.0,1389,Playmaker
Álex Grimaldo,DF,Leverkusen,de Bundesliga,28.0,2636,Playmaker
Curtis Jones,"MF,DF",Liverpool,eng Premier League,23.0,1712,Playmaker
Frenkie de Jong,MF,Barcelona,es La Liga,27.0,1143,Playmaker
Thiago Almada,"MF,FW",Lyon,fr Ligue 1,23.0,951,Playmaker
Lee Kang-in,"FW,MF",Paris S-G,fr Ligue 1,23.0,1663,Playmaker
Trent Alexander-Arnold,DF,Liverpool,eng Premier League,25.0,2365,Playmaker
Anass Zaroury,"FW,MF",Lens,fr Ligue 1,23.0,1405,Playmaker
Joshua Kimmich,MF,Bayern Munich,de Bundesliga,29.0,2847,Playmaker
Óscar Rodríguez Arnaiz,"MF,FW",Leganés,es La Liga,26.0,1330,Playmaker
Mateo Kovačić,MF,Manchester City,eng Premier League,30.0,2198,Playmaker
Martin Ødegaard,MF,Arsenal,eng Premier League,25.0,2325,Playmaker
Konrad Laimer,DF,Bayern Munich,de Bundesliga,27.0,1699,Playmaker
Declan Rice,MF,Arsenal,eng Premier League,25.0,2825,Playmaker
Adrien Rabiot,MF,Marseille,fr Ligue 1,29.0,2485,Playmaker
Dani Raba,"FW,MF",Leganés,es La Liga,28.0,1879,Playmaker
Giovani Lo Celso,"MF,FW",Betis,es La Liga,28.0,1457,Playmaker
Fermin López,"MF,FW",Barcelona,es La Liga,21.0,1252,Playmaker
James Maddison,MF,Tottenham,eng Premier League,27.0,1809,Playmaker
Himad Abdelli,"MF,FW",Angers,fr Ligue 1,24.0,2842,Playmaker
Arne Maier,MF,Augsburg,de Bundesliga,25.0,938,Playmaker
Nadiem Amiri,MF,Mainz 05,de Bundesliga,27.0,2473,Playmaker
Jordan James,MF,Rennes,fr Ligue 1,20.0,1178,Playmaker
Fabián Ruiz Peña,MF,Paris S-G,fr Ligue 1,28.0,1923,Playmaker
Junya Ito,"FW,MF",Reims,fr Ligue 1,31.0,2690,Playmaker
Romano Schmid,MF,Werder Bremen,de Bundesliga,24.0,2834,Playmaker
Achraf Hakimi,DF,Paris S-G,fr Ligue 1,25.0,2066,Playmaker
Iago Aspas,"FW,MF",Celta Vigo,es La Liga,36.0,1745,Playmaker
Téji Savanier,MF,Montpellier,fr Ligue 1,32.0,2363,Playmaker
Luis Henrique,"DF,FW",Marseille,fr Ligue 1,22.0,2613,Playmaker
Theo Hernández,DF,Milan,it Serie A,26.0,2696,Playmaker
İlkay Gündoğan,MF,Manchester City,eng Premier League,33.0,2223,Playmaker
Kristjan Asllani,MF,Inter,it Serie A,22.0,980,Playmaker
Bruno Guimarães,MF,Newcastle Utd,eng Premier League,26.0,3271,Playmaker
Granit Xhaka,MF,Leverkusen,de Bundesliga,31.0,2888,Playmaker
Pierre Højbjerg,MF,Marseille,fr Ligue 1,28.0,2664,Playmaker
Maximilian Arnold,MF,Wolfsburg,de Bundesliga,30.0,2356,Playmaker
Lazar Samardzic,MF,Atalanta,it Serie A,22.0,1169,Playmaker
Lamine Yamal,FW,Barcelona,es La Liga,17.0,2856,Playmaker
Isco,MF,Betis,es La Liga,32.0,1547,Playmaker
Iván Sánchez,"MF,FW",Valladolid,es La Liga,31.0,1404,Playmaker
Arda Güler,"MF,FW",Real Madrid,es La Liga,19.0,1250,Playmaker
Ado Onaiwu,"MF,FW",Auxerre,fr Ligue 1,28.0,957,Pure Striker
Jamie Vardy,FW,Leicester City,eng Premier League,37.0,2823,Pure Striker
Darwin Núñez,FW,Liverpool,eng Premier League,25.0,1133,Pure Striker
Alejo Véliz,FW,Espanyol,es La Liga,20.0,1127,Pure Striker
Yoane Wissa,FW,Brentford,eng Premier League,27.0,2919,Pure Striker
Jens Odgaard,"MF,FW",Bologna,it Serie A,25.0,1952,Pure Striker
Chris Wood,FW,Nott'ham Forest,eng Premier League,32.0,2959,Pure Striker
Nick Woltemade,"FW,MF",Stuttgart,de Bundesliga,22.0,1622,Pure Striker
M'Bala Nzola,FW,Lens,fr Ligue 1,27.0,1460,Pure Striker
Joshua Zirkzee,"FW,MF",Manchester Utd,eng Premier League,23.0,1402,Pure Striker
Bertuğ Yıldırım,FW,Getafe,es La Liga,22.0,1083,Pure Striker
Dušan Vlahović,FW,Juventus,it Serie A,24.0,1784,Pure Striker
Jonas Wind,"FW,MF",Wolfsburg,de Bundesliga,25.0,1966,Pure Striker
Ollie Watkins,FW,Aston Villa,eng Premier League,28.0,2598,Pure Striker
Danny Welbeck,FW,Brighton,eng Premier League,33.0,2115,Pure Striker
Budu Zivzivadze,FW,Heidenheim,de Bundesliga,30.0,958,Pure Striker
Marvin Pieringer,"FW,MF",Heidenheim,de Bundesliga,24.0,2206,Pure Striker
Jørgen Strand Larsen,FW,Wolves,eng Premier League,24.0,2587,Pure Striker
Ferrán Torres,"FW,MF",Barcelona,es La Liga,24.0,1106,Pure Striker
Benjamin Šeško,"FW,MF",RB Leipzig,de Bundesliga,21.0,2380,Pure Striker
Patrik Schick,FW,Leverkusen,de Bundesliga,28.0,1684,Pure Striker
Kevin Schade,FW,Brentford,eng Premier League,22.0,2293,Pure Striker
Jordan Pefok,FW,Union Berlin,de Bundesliga,28.0,908,Pure Striker
Amin Sarr,FW,Hellas Verona,it Serie A,23.0,1907,Pure Striker
Antonio Sanabria,FW,Torino,it Serie A,28.0,1318,Pure Striker
Mama Samba Baldé,FW,Brest,fr Ligue 1,28.0,1149,Pure Striker
Peque,"MF,FW",Sevilla,es La Liga,21.0,1134,Pure Striker
Eldor Shomurodov,"FW,MF",Roma,it Serie A,29.0,1097,Pure Striker
Wesley Saïd,FW,Lens,fr Ligue 1,29.0,905,Pure Striker
Abel Ruiz,FW,Girona,es La Liga,24.0,1346,Pure Striker
Vitor Roque,FW,Betis,es La Liga,19.0,1235,Pure Striker
Isaac Romero,FW,Sevilla,es La Liga,24.0,2156,Pure Striker
Mateo Retegui,FW,Atalanta,it Serie A,25.0,2383,Pure Striker
Gonçalo Ramos,FW,Paris S-G,fr Ligue 1,23.0,1066,Pure Striker
Javi Puado,"FW,MF",Espanyol,es La Liga,26.0,2974,Pure Striker
Joel Pohjanpalo,FW,Venezia,it Serie A,29.0,1603,Pure Striker
Andrea Pinamonti,FW,Genoa,it Serie A,25.0,2850,Pure Striker
Ayoze Pérez,FW,Villarreal,es La Liga,31.0,1970,Pure Striker
Deniz Undav,"FW,MF",Stuttgart,de Bundesliga,28.0,1726,Pure Striker
Fábio Silva,FW,Las Palmas,es La Liga,22.0,1866,Pure Striker
Lassine Sinayoko,"FW,MF",Auxerre,fr Ligue 1,24.0,2299,Pure Striker
Tiago Tomás,"FW,MF",Wolfsburg,de Bundesliga,22.0,1884,Pure Striker
Paul Onuachu,FW,Southampton,eng Premier League,30.0,1050,Pure Striker
Loïs Openda,"FW,MF",RB Leipzig,de Bundesliga,24.0,2453,Pure Striker
Phillip Tietz,FW,Augsburg,de Bundesliga,27.0,1686,Pure Striker
Marcus Thuram,FW,Inter,it Serie A,26.0,2200,Pure Striker
Gaetano Oristanio,"FW,MF",Venezia,it Serie A,21.0,2315,Pure Striker
Mikel Oyarzabal,FW,Real Sociedad,es La Liga,27.0,2250,Pure Striker
Casper Tengstedt,FW,Hellas Verona,it Serie A,24.0,1517,Pure Striker
Abdallah Sima,"FW,MF",Brest,fr Ligue 1,23.0,1238,Pure Striker
Nathan Tella,"MF,FW",Leverkusen,de Bundesliga,25.0,1359,Pure Striker
Sammie Szmodics,"FW,MF",Ipswich Town,eng Premier League,28.0,992,Pure Striker
Mamadou Sylla,"FW,MF",Valladolid,es La Liga,30.0,1583,Pure Striker
Williot Swedberg,"FW,MF",Celta Vigo,es La Liga,20.0,1348,Pure Striker
Cristhian Stuani,FW,Girona,es La Liga,37.0,1078,Pure Striker
Roberto Piccoli,FW,Cagliari,it Serie A,23.0,3127,Pure Striker
Orri Steinn Óskarsson,FW,Real Sociedad,es La Liga,19.0,944,Pure Striker
Lucas Stassin,FW,Saint-Étienne,fr Ligue 1,19.0,1887,Pure Striker
Dominic Solanke,FW,Tottenham,eng Premier League,26.0,2201,Pure Striker
Alexander Sørloth,FW,Atlético Madrid,es La Liga,28.0,1566,Pure Striker
Randy Nteka,FW,Rayo Vallecano,es La Liga,26.0,1129,Pure Striker
Milan Đurić,FW,Monza,it Serie A,34.0,1270,Pure Striker
Unai Gómez,"MF,FW",Athletic Club,es La Liga,21.0,1284,Pure Striker
Jonathan Burkardt,FW,Mainz 05,de Bundesliga,24.0,2109,Pure Striker
Oliver Burke,FW,Werder Bremen,de Bundesliga,27.0,908,Pure Striker
Randal Kolo Muani,FW,Juventus,it Serie A,25.0,1160,Pure Striker
Hugo Duro,FW,Valencia,es La Liga,24.0,2166,Pure Striker
Joshua King,"FW,MF",Toulouse,fr Ligue 1,32.0,1673,Pure Striker
Kiké,FW,Alavés,es La Liga,34.0,2542,Pure Striker
Dominic Calvert-Lewin,FW,Everton,eng Premier League,27.0,1609,Pure Striker
Moise Kean,FW,Fiorentina,it Serie A,24.0,2615,Pure Striker
Yann Karamoh,"MF,FW",Torino,it Serie A,26.0,1046,Pure Striker
Harry Kane,FW,Bayern Munich,de Bundesliga,31.0,2381,Pure Striker
Sergio Camello,FW,Rayo Vallecano,es La Liga,23.0,1134,Pure Striker
Arnaud Kalimuendo,"FW,MF",Rennes,fr Ligue 1,22.0,2578,Pure Striker
Diogo Jota,FW,Liverpool,eng Premier League,27.0,1196,Pure Striker
Brennan Johnson,FW,Tottenham,eng Premier League,23.0,2177,Pure Striker
Raúl Jiménez,FW,Fulham,eng Premier League,33.0,2494,Pure Striker
Ante Budimir,FW,Osasuna,es La Liga,33.0,2952,Pure Striker
Nikola Krstović,FW,Lecce,it Serie A,24.0,3057,Pure Striker
Gaëtan Laborde,FW,Nice,fr Ligue 1,30.0,1829,Pure Striker
Alexandre Lacazette,FW,Lyon,fr Ligue 1,33.0,2051,Pure Striker
Frank Magri,"FW,MF",Toulouse,fr Ligue 1,24.0,1516,Pure Striker
Maximilian Beier,"FW,MF",Dortmund,de Bundesliga,21.0,1591,Pure Striker
Shuto Machino,"FW,MF",Holstein Kiel,de Bundesliga,24.0,1953,Pure Striker
Lucas Beltrán,"FW,MF",Fiorentina,it Serie A,23.0,1864,Pure Striker
Romelu Lukaku,FW,Napoli,it Serie A,31.0,2843,Pure Striker
Lorenzo Lucca,FW,Udinese,it Serie A,23.0,2353,Pure Striker
Beto,FW,Everton,eng Premier League,26.0,1534,Pure Striker
Valentín Castellanos,FW,Lazio,it Serie A,25.0,2384,Pure Striker
Mika Biereth,FW,Monaco,fr Ligue 1,21.0,1228,Pure Striker
Myron Boadu,FW,Bochum,de Bundesliga,23.0,1042,Pure Striker
Victor Boniface,FW,Leverkusen,de Bundesliga,23.0,1008,Pure Striker
Robert Lewandowski,FW,Barcelona,es La Liga,35.0,2667,Pure Striker
Esteban Lepaul,FW,Angers,fr Ligue 1,24.0,1629,Pure Striker
Ange-Yoan Bonny,FW,Parma,it Serie A,20.0,2529,Pure Striker
Juanmi Latasa,FW,Valladolid,es La Liga,23.0,1398,Pure Striker
Cyle Larin,FW,Mallorca,es La Liga,29.0,1764,Pure Striker
Dailon Livramento,"FW,MF",Hellas Verona,it Serie A,23.0,940,Pure Striker
Nicolas Jackson,FW,Chelsea,eng Premier League,23.0,2220,Pure Striker
Santiago Castro,FW,Bologna,it Serie A,19.0,2294,Pure Striker
Alexander Isak,FW,Newcastle Utd,eng Premier League,24.0,2756,Pure Striker
Keinan Davis,FW,Udinese,it Serie A,26.0,1066,Pure Striker
Liam Delap,FW,Ipswich Town,eng Premier League,21.0,2593,Pure Striker
Ermedin Demirović,FW,Stuttgart,de Bundesliga,26.0,1855,Pure Striker
Boulaye Dia,"MF,FW",Lazio,it Serie A,27.0,2177,Pure Striker
Oumar Diakité,FW,Reims,fr Ligue 1,20.0,1628,Pure Striker
Diego,FW,Leganés,es La Liga,24.0,1195,Pure Striker
Davide Frattesi,MF,Inter,it Serie A,24.0,1158,Pure Striker
Nicolás González,"FW,MF",Juventus,it Serie A,26.0,1750,Pure Striker
Roberto Férnandez,FW,Espanyol,es La Liga,22.0,1497,Pure Striker
Evanilson,FW,Bournemouth,eng Premier League,24.0,2319,Pure Striker
Samuel Essende,FW,Augsburg,de Bundesliga,26.0,1636,Pure Striker
Emanuel Emegha,FW,Strasbourg,fr Ligue 1,21.0,2293,Pure Striker
Breel Embolo,"FW,MF",Monaco,fr Ligue 1,27.0,1841,Pure Striker
Artem Dovbyk,FW,Roma,it Serie A,27.0,2418,Pure Striker
Hugo Ekitike,FW,Eint Frankfurt,de Bundesliga,22.0,2563,Pure Striker
Johannes Eggestein,FW,St. Pauli,de Bundesliga,26.0,1853,Pure Striker
Giovanni Fabbian,MF,Bologna,it Serie A,21.0,1023,Pure Striker
Daniel Maldini,"MF,FW",Monza,it Serie A,22.0,1306,Pure Striker
Amine Gouiri,"FW,MF",Marseille,fr Ligue 1,24.0,1048,Pure Striker
Jonathan David,FW,Lille,fr Ligue 1,24.0,2554,Pure Striker
Andrej Ilic,FW,Union Berlin,de Bundesliga,24.0,937,Pure Striker
Borja Iglesias,FW,Celta Vigo,es La Liga,31.0,1952,Pure Striker
Rasmus Højlund,FW,Manchester Utd,eng Premier League,21.0,2004,Pure Striker
Lorenzo Colombo,"FW,MF",Empoli,it Serie A,22.0,2233,Pure Striker
Andrea Colpani,"FW,MF",Fiorentina,it Serie A,25.0,1432,Pure Striker
Philipp Hofmann,FW,Bochum,de Bundesliga,31.0,2277,Pure Striker
Adam Hložek,"FW,MF",Hoffenheim,de Bundesliga,22.0,1871,Pure Striker
Amine Gouiri,"MF,FW",Rennes,fr Ligue 1,24.0,1037,Pure Striker
Kai Havertz,"FW,MF",Arsenal,eng Premier League,25.0,1875,Pure Striker
Erling Haaland,FW,Manchester City,eng Premier League,24.0,2736,Pure Striker
Cucho,FW,Betis,es La Liga,25.0,1139,Pure Striker
Gorka Guruzeta,FW,Athletic Club,es La Liga,27.0,1840,Pure Striker
Serhou Guirassy,FW,Dortmund,de Bundesliga,28.0,2598,Pure Striker
Patrick Cutrone,FW,Como,it Serie A,26.0,2047,Pure Striker
Thijs Dallinga,FW,Bologna,it Serie A,23.0,1154,Pure Striker
Marco Grüll,"FW,MF",Werder Bremen,de Bundesliga,26.0,1181,Pure Striker
Phil Harres,FW,Holstein Kiel,de Bundesliga,22.0,1544,Pure Striker
Omar Marmoush,"FW,MF",Manchester City,eng Premier League,25.0,1175,Pure Striker
Tim Kleindienst,FW,Gladbach,de Bundesliga,28.0,2737,Pure Striker
Pablo Durán,"FW,MF",Celta Vigo,es La Liga,23.0,1394,Pure Striker
Marshall Munetsi,"MF,FW",Wolves,eng Premier League,28.0,1078,Pure Striker
Georges Mikautadze,FW,Lyon,fr Ligue 1,23.0,1449,Pure Striker
Neal Maupay,FW,Marseille,fr Ligue 1,27.0,1042,Pure Striker
Theo Bair,FW,Auxerre,fr Ligue 1,24.0,939,Pure Striker
Borja Mayoral,FW,Getafe,es La Liga,27.0,1114,Pure Striker
Akor Adams,FW,Montpellier,fr Ligue 1,24.0,1075,Pure Striker
Che Adams,FW,Torino,it Serie A,28.0,2652,Pure Striker
Junior Adamu,FW,Freiburg,de Bundesliga,23.0,1545,Pure Striker
Kylian Mbappé,FW,Real Madrid,es La Liga,25.0,2907,Pure Striker
Adam Armstrong,"FW,MF",Southampton,eng Premier League,27.0,1248,Pure Striker
Oliver McBurnie,FW,Las Palmas,es La Liga,28.0,1837,Pure Striker
Álvaro Morata,"FW,MF",Milan,it Serie A,31.0,1099,Pure Striker
Ludovic Ajorque,FW,Brest,fr Ligue 1,30.0,2495,Pure Striker
Takuma Asano,"FW,MF",Mallorca,es La Liga,29.0,1054,Pure Striker
Miguel,FW,Leganés,es La Liga,24.0,1724,Pure Striker
Vedat Muriqi,FW,Mallorca,es La Liga,30.0,2058,Pure Striker
Rodrigo Muniz,FW,Fulham,eng Premier League,23.0,964,Pure Striker
Scott McTominay,MF,Napoli,it Serie A,27.0,2938,Pure Striker
André Ayew,FW,Le Havre,fr Ligue 1,34.0,1453,Pure Striker
Jim Allevinah,FW,Angers,fr Ligue 1,29.0,1750,Pure Striker
Keito Nakamura,"FW,MF",Reims,fr Ligue 1,24.0,2649,Pure Striker
Marcos André,FW,Valladolid,es La Liga,27.0,1188,Pure Striker
Tammy Abraham,FW,Milan,it Serie A,26.0,1183,Pure Striker
Daniel Mosquera,FW,Hellas Verona,it Serie A,24.0,1375,Pure Striker
Christopher Nkunku,FW,Chelsea,eng Premier League,26.0,921,Pure Striker
Giorgos Masouras,"FW,MF",Bochum,de Bundesliga,30.0,1055,Pure Striker
Justin Njinmah,"FW,MF",Werder Bremen,de Bundesliga,23.0,952,Pure Striker
Toni Martínez,FW,Alavés,es La Liga,27.0,1012,Pure Striker
Jean-Philippe Mateta,FW,Crystal Palace,eng Premier League,27.0,2648,Pure Striker
Zakaria Aboukhlal,"MF,FW",Toulouse,fr Ligue 1,24.0,1901,Pure Striker
Lautaro Martínez,FW,Inter,it Serie A,26.0,2474,Pure Striker
Eddie Nketiah,"FW,MF",Crystal Palace,eng Premier League,25.0,1034,Pure Striker
Dany Mota,"FW,MF",Monza,it Serie A,26.0,2104,Pure Striker
Thierno Barry,FW,Villarreal,es La Liga,21.0,2323,Pure Striker
Cameron Archer,FW,Southampton,eng Premier League,23.0,1441,Pure Striker
Mostafa Mohamed,FW,Nantes,fr Ligue 1,26.0,1252,Pure Striker
Matthis Abline,FW,Nantes,fr Ligue 1,21.0,2768,Pure Striker
Ibrahima Niane,FW,Angers,fr Ligue 1,25.0,943,Pure Striker
Lewis Holtby,MF,Holstein Kiel,de Bundesliga,33.0,1238,Recycler
Jurriën Timber,DF,Arsenal,eng Premier League,23.0,2417,Recycler
Louis Mouton,MF,Saint-Étienne,fr Ligue 1,22.0,1045,Recycler
Emmanuel Gyasi,"DF,FW",Empoli,it Serie A,30.0,3217,Recycler
Faustino Anjorin,MF,Empoli,it Serie A,22.0,1114,Recycler
Ivan Ilić,MF,Torino,it Serie A,23.0,920,Recycler
Ilaix Moriba,MF,Celta Vigo,es La Liga,21.0,2132,Recycler
Andre-Frank Zambo Anguissa,MF,Napoli,it Serie A,28.0,2852,Recycler
Patrick Osterhage,MF,Freiburg,de Bundesliga,24.0,2267,Recycler
Lewis Cook,"MF,DF",Bournemouth,eng Premier League,27.0,2978,Recycler
Selim Amallah,MF,Valladolid,es La Liga,27.0,1376,Recycler
Pablo Ibáñez,MF,Osasuna,es La Liga,25.0,1294,Recycler
Benjamin Henrichs,DF,RB Leipzig,de Bundesliga,27.0,935,Recycler
Santi Comesaña,MF,Villarreal,es La Liga,27.0,2560,Recycler
Will Hughes,MF,Crystal Palace,eng Premier League,29.0,2108,Recycler
Hernani,MF,Parma,it Serie A,30.0,1327,Recycler
Yangel Herrera,MF,Girona,es La Liga,26.0,2257,Recycler
Elliot Anderson,MF,Nott'ham Forest,eng Premier League,21.0,2728,Recycler
Nhoa Sangui,"DF,MF",Reims,fr Ligue 1,18.0,1158,Recycler
Antonio Sánchez,"MF,DF",Mallorca,es La Liga,27.0,1395,Recycler
Ryan Christie,MF,Bournemouth,eng Premier League,29.0,2117,Recycler
Khéphren Thuram,MF,Juventus,it Serie A,23.0,2326,Recycler
Junior Mwanga,MF,Le Havre,fr Ligue 1,21.0,952,Recycler
Frank Onyeka,MF,Augsburg,de Bundesliga,26.0,2586,Recycler
Luka Sučić,MF,Real Sociedad,es La Liga,21.0,1792,Recycler
Jurgen Ekkelenkamp,MF,Udinese,it Serie A,24.0,1892,Recycler
Mikael Ellertsson,"DF,MF",Venezia,it Serie A,22.0,2470,Recycler
Saúl Ñíguez,MF,Sevilla,es La Liga,29.0,1553,Recycler
Tomáš Suslov,"MF,FW",Hellas Verona,it Serie A,22.0,2080,Recycler
Mattias Svanberg,MF,Wolfsburg,de Bundesliga,25.0,1219,Recycler
Jens Stage,MF,Werder Bremen,de Bundesliga,27.0,2204,Recycler
Kamory Doumbia,"MF,FW",Brest,fr Ligue 1,21.0,1322,Recycler
Djibril Sow,MF,Sevilla,es La Liga,27.0,2062,Recycler
Issa Doumbia,MF,Venezia,it Serie A,20.0,939,Recycler
Tomáš Souček,MF,West Ham,eng Premier League,29.0,2567,Recycler
Khalil Fayad,"MF,FW",Montpellier,fr Ligue 1,20.0,1028,Recycler
Patrick Dorgu,"DF,FW",Lecce,it Serie A,19.0,1840,Recycler
Carlos Soler,"MF,FW",West Ham,eng Premier League,27.0,1409,Recycler
Mateus Fernandes,MF,Southampton,eng Premier League,20.0,2909,Recycler
Simon Sohm,MF,Parma,it Serie A,23.0,2989,Recycler
Eren Dinkçi,"MF,FW",Freiburg,de Bundesliga,22.0,1196,Recycler
Jan Schöppner,MF,Heidenheim,de Bundesliga,25.0,2681,Recycler
Adrien Thomasson,MF,Lens,fr Ligue 1,30.0,2615,Recycler
Marshall Munetsi,MF,Reims,fr Ligue 1,28.0,1692,Recycler
Kévin Danois,MF,Auxerre,fr Ligue 1,20.0,1460,Recycler
Suat Serdar,MF,Hellas Verona,it Serie A,27.0,1376,Recycler
Bence Dárdai,MF,Wolfsburg,de Bundesliga,18.0,1304,Recycler
Jon Guridi,"MF,FW",Alavés,es La Liga,29.0,2080,Recycler
João Gomes,MF,Wolves,eng Premier League,23.0,2974,Recycler
Gvidas Gineitis,MF,Torino,it Serie A,20.0,1430,Recycler
Armin Gigovic,MF,Holstein Kiel,de Bundesliga,22.0,1895,Recycler
Conor Gallagher,MF,Atlético Madrid,es La Liga,24.0,1633,Recycler
Ibrahima Sissoko,MF,Bochum,de Bundesliga,26.0,2610,Recycler
Michel Ndary Adopo,MF,Cagliari,it Serie A,24.0,2409,Recycler
Tanguy Ndombele,MF,Nice,fr Ligue 1,27.0,1131,Recycler
Alessandro Deiola,MF,Cagliari,it Serie A,28.0,1432,Recycler
Anuar,"MF,FW",Valladolid,es La Liga,29.0,1720,Recycler
Iván Martín,MF,Girona,es La Liga,25.0,2039,Recycler
Mikel Jauregizar,MF,Athletic Club,es La Liga,20.0,2244,Recycler
Ridle Baku,"FW,MF",Wolfsburg,de Bundesliga,26.0,1170,Recycler
Hicham Boudaoui,MF,Nice,fr Ligue 1,24.0,2435,Recycler
Carlo Boukhalfa,MF,St. Pauli,de Bundesliga,25.0,1646,Recycler
Elvis Rexhbeçaj,MF,Augsburg,de Bundesliga,26.0,1785,Recycler
Samuele Ricci,MF,Torino,it Serie A,22.0,2825,Recycler
Dani de Wit,"MF,FW",Bochum,de Bundesliga,26.0,1153,Recycler
Lee Jae-sung,MF,Mainz 05,de Bundesliga,31.0,2650,Recycler
Jordan Veretout,MF,Lyon,fr Ligue 1,31.0,1553,Recycler
Weston McKennie,"MF,DF",Juventus,it Serie A,25.0,2310,Recycler
Darko Brašanac,MF,Leganés,es La Liga,32.0,1617,Recycler
Tom Krauß,MF,Bochum,de Bundesliga,23.0,1077,Recycler
Alex Král,MF,Espanyol,es La Liga,26.0,2714,Recycler
Teun Koopmeiners,"MF,FW",Juventus,it Serie A,26.0,1994,Recycler
Manu Koné,MF,Roma,it Serie A,23.0,2572,Recycler
Martín Payero,MF,Udinese,it Serie A,25.0,1381,Recycler
Rico Lewis,"DF,MF",Manchester City,eng Premier League,19.0,1893,Recycler
Myles Lewis-Skelly,DF,Arsenal,eng Premier League,17.0,1369,Recycler
Warren Bondo,MF,Monza,it Serie A,20.0,1618,Recycler
Carlos Baleba,MF,Brighton,eng Premier League,20.0,2661,Recycler
Adrian Beck,"MF,FW",Heidenheim,de Bundesliga,27.0,1598,Recycler
Kobbie Mainoo,MF,Manchester Utd,eng Premier League,19.0,1651,Recycler
Donny van de Beek,MF,Girona,es La Liga,27.0,1421,Recycler
Niccolò Pisilli,MF,Roma,it Serie A,19.0,1227,Recycler
Hugo Magnetti,MF,Brest,fr Ligue 1,26.0,2323,Recycler
Tommaso Pobega,MF,Bologna,it Serie A,25.0,1178,Recycler
Timothy Weah,"DF,FW",Juventus,it Serie A,24.0,1638,Recycler
Yasin Ayari,MF,Brighton,eng Premier League,20.0,1965,Recycler
Alexis Mac Allister,MF,Liverpool,eng Premier League,25.0,2599,Recycler
Kike Pérez,MF,Venezia,it Serie A,27.0,1114,Recycler
Sandi Lovrić,MF,Udinese,it Serie A,26.0,2308,Recycler
Pape Matar Sarr,MF,Tottenham,eng Premier League,21.0,1913,Recycler
Kyle Walker-Peters,DF,Southampton,eng Premier League,27.0,2918,Recycler
Valentino Livramento,DF,Newcastle Utd,eng Premier League,21.0,2840,Recycler
Hamza Rafia,MF,Lecce,it Serie A,25.0,1058,Recycler
Tom Bischof,"MF,FW",Hoffenheim,de Bundesliga,19.0,2559,Recycler
Kike Pérez,MF,Valladolid,es La Liga,27.0,1191,Recycler
Gianluca Busio,MF,Venezia,it Serie A,22.0,2518,Recycler
Jackson Irvine,MF,St. Pauli,de Bundesliga,31.0,2610,Recycler
Yassine Kechta,"MF,FW",Le Havre,fr Ligue 1,22.0,2096,Recycler
Waren Kamanzi,"DF,MF",Toulouse,fr Ligue 1,23.0,1022,Recycler
Mauro Arambarri,MF,Getafe,es La Liga,28.0,2661,Recycler
Maxence Caqueret,MF,Como,it Serie A,24.0,1087,Recycler
Yehor Yarmoliuk,MF,Brentford,eng Premier League,20.0,1450,Recycler
Casemiro,MF,Manchester Utd,eng Premier League,32.0,1494,Recycler
Cristian Cásseres Jr.,MF,Toulouse,fr Ligue 1,24.0,2696,Recycler
Fabiano Parisi,"DF,MF",Fiorentina,it Serie A,23.0,1049,Recycler
Joelinton,"MF,FW",Newcastle Utd,eng Premier League,27.0,2393,Recycler
Cesare Casadei,MF,Torino,it Serie A,21.0,1017,Recycler
Daichi Kamada,MF,Crystal Palace,eng Premier League,27.0,1564,Recycler
Mahdi Camara,"MF,FW",Brest,fr Ligue 1,26.0,2659,Recycler
Marcel Sabitzer,MF,Dortmund,de Bundesliga,30.0,1616,Recycler
Alejandro Jiménez,"DF,FW",Milan,it Serie A,19.0,1266,Recycler
Lamine Camara,MF,Monaco,fr Ligue 1,20.0,2054,Recycler
Mikel Merino,"MF,FW",Arsenal,eng Premier League,28.0,1586,Recycler
Joe Aribo,"MF,DF",Southampton,eng Premier League,28.0,2013,Recycler
Abdoulaye Bamba,DF,Angers,fr Ligue 1,34.0,1510,Stopper CB
Saúl Coco,DF,Torino,it Serie A,25.0,2845,Stopper CB
Danilho Doekhi,DF,Union Berlin,de Bundesliga,26.0,3060,Stopper CB
Alberto Dossena,DF,Como,it Serie A,25.0,1825,Stopper CB
Hauke Wahl,DF,St. Pauli,de Bundesliga,30.0,2970,Stopper CB
Ismaël Doukouré,"DF,MF",Strasbourg,fr Ligue 1,21.0,2639,Stopper CB
Jaka Bijol,DF,Udinese,it Serie A,25.0,2963,Stopper CB
Raúl Asencio,DF,Real Madrid,es La Liga,21.0,1670,Stopper CB
Marin Šverko,DF,Venezia,it Serie A,26.0,1117,Stopper CB
Etienne Youte Kinkoue,DF,Le Havre,fr Ligue 1,22.0,2320,Stopper CB
Mattia Bani,DF,Genoa,it Serie A,30.0,1507,Stopper CB
Nicolò Casale,DF,Bologna,it Serie A,26.0,900,Stopper CB
Issa Diop,DF,Fulham,eng Premier League,27.0,1339,Stopper CB
Catena,DF,Osasuna,es La Liga,29.0,3074,Stopper CB
Federico Baschirotto,DF,Lecce,it Serie A,27.0,3420,Stopper CB
Igor Zubeldia,DF,Real Sociedad,es La Liga,27.0,2269,Stopper CB
Jan Bednarek,DF,Southampton,eng Premier League,28.0,2531,Stopper CB
Jean-Charles Castelletto,"DF,MF",Nantes,fr Ligue 1,29.0,2620,Stopper CB
Dylan Batubinsika,DF,Saint-Étienne,fr Ligue 1,28.0,2016,Stopper CB
Conor Coady,DF,Leicester City,eng Premier League,31.0,1714,Stopper CB
Nathan Collins,DF,Brentford,eng Premier League,23.0,3420,Stopper CB
James Tarkowski,DF,Everton,eng Premier League,31.0,2922,Stopper CB
Abdel Abqar,DF,Alavés,es La Liga,25.0,2463,Stopper CB
Johan Vásquez,DF,Genoa,it Serie A,25.0,3041,Stopper CB
Dan Burn,DF,Newcastle Utd,eng Premier League,32.0,3330,Stopper CB
Duje Ćaleta-Car,DF,Lyon,fr Ligue 1,27.0,1584,Stopper CB
Renato Veiga,DF,Juventus,it Serie A,21.0,1093,Stopper CB
Copete,DF,Mallorca,es La Liga,24.0,1528,Stopper CB
Martin Valjent,DF,Mallorca,es La Liga,28.0,2763,Stopper CB
Fikayo Tomori,DF,Milan,it Serie A,26.0,1593,Stopper CB
Nicolás Valentini,DF,Hellas Verona,it Serie A,23.0,1129,Stopper CB
David Zec,DF,Holstein Kiel,de Bundesliga,24.0,1541,Stopper CB
Ben Davies,DF,Tottenham,eng Premier League,31.0,1331,Stopper CB
David Torres,DF,Valladolid,es La Liga,21.0,1387,Stopper CB
Koni De Winter,DF,Genoa,it Serie A,22.0,2135,Stopper CB
Kevin Vogt,DF,Union Berlin,de Bundesliga,32.0,1367,Stopper CB
Jarrad Branthwaite,DF,Everton,eng Premier League,22.0,2511,Stopper CB
Enrico Del Prato,DF,Parma,it Serie A,24.0,2947,Stopper CB
Jannik Vestergaard,DF,Leicester City,eng Premier League,31.0,1391,Stopper CB
Eray Cömert,"DF,MF",Valladolid,es La Liga,26.0,1779,Stopper CB
Sepp van den Berg,DF,Brentford,eng Premier League,22.0,2586,Stopper CB
Pau Torres,DF,Aston Villa,eng Premier League,27.0,2020,Stopper CB
Illia Zabarnyi,DF,Bournemouth,eng Premier League,21.0,3109,Stopper CB
Francesco Acerbi,DF,Inter,it Serie A,36.0,1710,Stopper CB
Bafodé Diakité,DF,Lille,fr Ligue 1,23.0,2766,Stopper CB
César Tárrega,DF,Valencia,es La Liga,22.0,3026,Stopper CB
Leandro Cabrera,DF,Espanyol,es La Liga,33.0,2869,Stopper CB
Jaydee Canvot,"DF,MF",Toulouse,fr Ligue 1,18.0,1106,Stopper CB
Emmanuel Biumla,DF,Angers,fr Ligue 1,19.0,1336,Stopper CB
Fali Candé,DF,Venezia,it Serie A,26.0,1530,Stopper CB
Loïc Bade,DF,Sevilla,es La Liga,24.0,2686,Stopper CB
Yunis Abdelhamid,DF,Saint-Étienne,fr Ligue 1,36.0,1033,Stopper CB
Marco Komenda,DF,Holstein Kiel,de Bundesliga,27.0,1307,Stopper CB
Alan Matturro,DF,Genoa,it Serie A,19.0,900,Stopper CB
Gaby Jean,DF,Lecce,it Serie A,24.0,1388,Stopper CB
Armando Izzo,DF,Monza,it Serie A,32.0,2435,Stopper CB
Ko Itakura,DF,Gladbach,de Bundesliga,27.0,2790,Stopper CB
Kike Salas,DF,Sevilla,es La Liga,22.0,2238,Stopper CB
Igor,DF,Brighton,eng Premier League,26.0,961,Stopper CB
Scott McKenna,DF,Las Palmas,es La Liga,27.0,2466,Stopper CB
Jakov Medić,DF,Bochum,de Bundesliga,25.0,1603,Stopper CB
Javi Sánchez,DF,Valladolid,es La Liga,27.0,2026,Stopper CB
Diego Llorente,DF,Betis,es La Liga,30.0,2519,Stopper CB
Arouna Sangante,DF,Le Havre,fr Ligue 1,22.0,1244,Stopper CB
Jorge Herrando,DF,Osasuna,es La Liga,23.0,1366,Stopper CB
Aridane Hernández,DF,Rayo Vallecano,es La Liga,35.0,1025,Stopper CB
Ramon Hendriks,DF,Stuttgart,de Bundesliga,23.0,1154,Stopper CB
Taylor Harwood-Bellis,DF,Southampton,eng Premier League,22.0,2825,Stopper CB
Nikola Milenković,DF,Nott'ham Forest,eng Premier League,26.0,3330,Stopper CB
Andreas Hanche-Olsen,DF,Mainz 05,de Bundesliga,27.0,1284,Stopper CB
Jubal,DF,Auxerre,fr Ligue 1,30.0,2640,Stopper CB
Christian Kabasele,DF,Udinese,it Serie A,33.0,1161,Stopper CB
Willy Kambwala,DF,Villarreal,es La Liga,19.0,1117,Stopper CB
Marc-Oliver Kempf,DF,Como,it Serie A,29.0,2615,Stopper CB
Luca Ranieri,DF,Fiorentina,it Serie A,25.0,2981,Stopper CB
Matthijs de Ligt,DF,Manchester Utd,eng Premier League,24.0,2123,Stopper CB
Giovanni Leoni,DF,Parma,it Serie A,17.0,1199,Stopper CB
Clément Lenglet,DF,Atlético Madrid,es La Liga,29.0,1972,Stopper CB
Jordan Lefort,DF,Angers,fr Ligue 1,30.0,3060,Stopper CB
Robin Le Normand,DF,Atlético Madrid,es La Liga,27.0,2151,Stopper CB
Marash Kumbulla,DF,Espanyol,es La Liga,24.0,2972,Stopper CB
Thomas Kristensen,DF,Udinese,it Serie A,22.0,1754,Stopper CB
Tyrone Mings,DF,Aston Villa,eng Premier League,31.0,1120,Stopper CB
Gabriel Magalhães,DF,Arsenal,eng Premier League,26.0,2363,Stopper CB
Harry Maguire,DF,Manchester Utd,eng Premier League,31.0,1758,Stopper CB
Pablo Marí,DF,Monza,it Serie A,30.0,1628,Stopper CB
Lukas Klostermann,DF,RB Leipzig,de Bundesliga,28.0,1838,Stopper CB
Cédric Kipré,DF,Reims,fr Ligue 1,27.0,2190,Stopper CB
Max Kilman,DF,West Ham,eng Premier League,27.0,3348,Stopper CB
Kialonda,DF,Lecce,it Serie A,26.0,2144,Stopper CB
Abdukodir Khusanov,DF,Lens,fr Ligue 1,20.0,975,Stopper CB
Lisandro Martínez,DF,Manchester Utd,eng Premier League,26.0,1751,Stopper CB
Ezri Konsa,DF,Aston Villa,eng Premier League,26.0,2936,Stopper CB
Keven Schlotterbeck,DF,Augsburg,de Bundesliga,27.0,1297,Stopper CB
Antonio Raillo,DF,Mallorca,es La Liga,32.0,3207,Stopper CB
Morato,DF,Nott'ham Forest,eng Premier League,23.0,907,Stopper CB
Marvin Friedrich,DF,Gladbach,de Bundesliga,28.0,989,Stopper CB
Natan,DF,Betis,es La Liga,23.0,2175,Stopper CB
Becir Omeragic,DF,Montpellier,fr Ligue 1,22.0,1799,Stopper CB
Leo Skiri Østigård,DF,Hoffenheim,de Bundesliga,24.0,927,Stopper CB
Wout Faes,DF,Leicester City,eng Premier League,26.0,2815,Stopper CB
Abdul Mumin,DF,Rayo Vallecano,es La Liga,26.0,2017,Stopper CB
Dara O'Shea,DF,Ipswich Town,eng Premier League,25.0,3122,Stopper CB
Matteo Gabbia,DF,Milan,it Serie A,24.0,2152,Stopper CB
Ivan Ordets,DF,Bochum,de Bundesliga,32.0,1861,Stopper CB
Matija Nastasić,DF,Leganés,es La Liga,31.0,2110,Stopper CB
Moussa Niakhate,DF,Lyon,fr Ligue 1,28.0,2726,Stopper CB
Matthias Ginter,DF,Freiburg,de Bundesliga,30.0,2561,Stopper CB
Edoardo Goldaniga,DF,Como,it Serie A,30.0,2532,Stopper CB
Saidou Sow,DF,Strasbourg,fr Ligue 1,22.0,1018,Stopper CB
Yael Mouanga,DF,Montpellier,fr Ligue 1,19.0,946,Stopper CB
Niklas Stark,DF,Werder Bremen,de Bundesliga,29.0,2106,Stopper CB
Gabriel Osho,DF,Auxerre,fr Ligue 1,25.0,1654,Stopper CB
Tim Siersleben,DF,Heidenheim,de Bundesliga,24.0,1182,Stopper CB
Jacob Greaves,DF,Ipswich Town,eng Premier League,23.0,2205,Stopper CB
Sergi,DF,Leganés,es La Liga,32.0,2957,Stopper CB
Carl Starfelt,DF,Celta Vigo,es La Liga,29.0,2270,Stopper CB
Marc Guéhi,DF,Crystal Palace,eng Premier League,24.0,3059,Stopper CB
Ruben Loftus-Cheek,MF,Milan,it Serie A,28.0,1037,Wide Attacker
Pablo Marín,MF,Real Sociedad,es La Liga,21.0,1239,Wide Attacker
Diego López,"MF,FW",Valencia,es La Liga,22.0,2737,Wide Attacker
Christoph Baumgartner,MF,RB Leipzig,de Bundesliga,24.0,1610,Wide Attacker
Roberto Navarro,"MF,FW",Mallorca,es La Liga,22.0,1278,Wide Attacker
Ali Abdi,"DF,MF",Nice,fr Ligue 1,30.0,1393,Wide Attacker
Santiago Pierotti,FW,Lecce,it Serie A,23.0,1937,Wide Attacker
Matúš Bero,MF,Bochum,de Bundesliga,28.0,2565,Wide Attacker
Yeremi Pino,"MF,FW",Villarreal,es La Liga,21.0,1934,Wide Attacker
Antonio Nusa,"MF,DF",RB Leipzig,de Bundesliga,19.0,1558,Wide Attacker
Jean-Ricner Bellegarde,"MF,FW",Wolves,eng Premier League,26.0,1677,Wide Attacker
Paul Nebel,MF,Mainz 05,de Bundesliga,21.0,2345,Wide Attacker
Nadir Zortea,"DF,MF",Cagliari,it Serie A,25.0,2713,Wide Attacker
Paul Wanner,"MF,FW",Heidenheim,de Bundesliga,18.0,1771,Wide Attacker
Zito Luvumbo,"FW,MF",Cagliari,it Serie A,22.0,1606,Wide Attacker
Alexander Bernhardsson,"FW,MF",Holstein Kiel,de Bundesliga,25.0,1263,Wide Attacker
Iliman Ndiaye,FW,Everton,eng Premier League,24.0,2430,Wide Attacker
Carlos Martín,"FW,MF",Alavés,es La Liga,22.0,1333,Wide Attacker
Harry Wilson,"FW,MF",Fulham,eng Premier League,27.0,1162,Wide Attacker
Sebastian Nanasi,"MF,FW",Strasbourg,fr Ligue 1,22.0,2107,Wide Attacker
Fabio Miretti,"MF,FW",Genoa,it Serie A,20.0,1677,Wide Attacker
Yankuba Minteh,"FW,MF",Brighton,eng Premier League,20.0,1838,Wide Attacker
Antoniu,"FW,MF",Espanyol,es La Liga,21.0,1022,Wide Attacker
Tete Morente,"FW,MF",Lecce,it Serie A,27.0,2021,Wide Attacker
Valentin Mihaila,"FW,MF",Parma,it Serie A,24.0,1288,Wide Attacker
Dango Ouattara,FW,Bournemouth,eng Premier League,22.0,2005,Wide Attacker
Brais Méndez,MF,Real Sociedad,es La Liga,27.0,1531,Wide Attacker
Farid El Melali,FW,Angers,fr Ligue 1,27.0,1893,Wide Attacker
Jordan Ayew,"FW,MF",Leicester City,eng Premier League,32.0,1638,Wide Attacker
Shavy Babicka,"MF,FW",Toulouse,fr Ligue 1,24.0,1186,Wide Attacker
Aimar Oroz,MF,Osasuna,es La Liga,22.0,2966,Wide Attacker
Aimen Moueffek,MF,Saint-Étienne,fr Ligue 1,23.0,1039,Wide Attacker
Pontus Almqvist,"FW,MF",Parma,it Serie A,25.0,1112,Wide Attacker
Domingos André Ribeiro Almeida,"MF,FW",Valencia,es La Liga,24.0,1977,Wide Attacker
John McGinn,"MF,FW",Aston Villa,eng Premier League,29.0,2223,Wide Attacker
Stephy Mavididi,FW,Leicester City,eng Premier League,26.0,1615,Wide Attacker
Jean Mattéo Bahoya,"MF,FW",Eint Frankfurt,de Bundesliga,19.0,921,Wide Attacker
Mathias Pereira Lage,"FW,MF",Brest,fr Ligue 1,27.0,1571,Wide Attacker
Patrick Wimmer,"MF,FW",Wolfsburg,de Bundesliga,23.0,1770,Wide Attacker
Carles Aleñá,"MF,FW",Alavés,es La Liga,26.0,1090,Wide Attacker
Kaoru Mitoma,"FW,MF",Brighton,eng Premier League,27.0,2603,Wide Attacker
Joe Willock,"MF,FW",Newcastle Utd,eng Premier League,24.0,1086,Wide Attacker
Oladapo Afolayan,"FW,MF",St. Pauli,de Bundesliga,26.0,1639,Wide Attacker
Carles Pérez,"MF,FW",Getafe,es La Liga,26.0,1431,Wide Attacker
Yunus Musah,"MF,FW",Milan,it Serie A,21.0,1571,Wide Attacker
Alessio Zerbin,DF,Venezia,it Serie A,25.0,1518,Wide Attacker
Arthur Atta,"MF,FW",Udinese,it Serie A,21.0,1251,Wide Attacker
Denzel Dumfries,"DF,FW",Inter,it Serie A,28.0,1865,Wide Attacker
Sandro Ramírez,"FW,MF",Las Palmas,es La Liga,29.0,2034,Wide Attacker
Juan Cruz,"FW,MF",Leganés,es La Liga,24.0,2257,Wide Attacker
Albert Guðmundsson,"FW,MF",Fiorentina,it Serie A,27.0,1273,Wide Attacker
Morten Thorsby,"MF,FW",Genoa,it Serie A,28.0,1898,Wide Attacker
Morgan Guilavogui,"FW,MF",St. Pauli,de Bundesliga,26.0,1807,Wide Attacker
Javier Guerra,MF,Valencia,es La Liga,21.0,2581,Wide Attacker
Antoine Semenyo,FW,Bournemouth,eng Premier League,24.0,3203,Wide Attacker
Mario Götze,"MF,FW",Eint Frankfurt,de Bundesliga,32.0,1542,Wide Attacker
Ramón Terrats,"MF,FW",Getafe,es La Liga,23.0,1219,Wide Attacker
Arnaud Nordin,FW,Montpellier,fr Ligue 1,26.0,1166,Wide Attacker
Giuliano Simeone,MF,Atlético Madrid,es La Liga,21.0,1926,Wide Attacker
Fisayo Dele-Bashiru,"MF,FW",Lazio,it Serie A,23.0,947,Wide Attacker
Bryan Gil,"FW,MF",Girona,es La Liga,23.0,1721,Wide Attacker
Álvaro García,"FW,MF",Rayo Vallecano,es La Liga,31.0,2559,Wide Attacker
Tim Skarke,"FW,MF",Union Berlin,de Bundesliga,27.0,1164,Wide Attacker
Jorge de Frutos,"FW,MF",Rayo Vallecano,es La Liga,27.0,2495,Wide Attacker
Jeremie Frimpong,"DF,MF",Leverkusen,de Bundesliga,23.0,2314,Wide Attacker
Assane Diao,"FW,MF",Como,it Serie A,18.0,1252,Wide Attacker
Adri Embarba,"FW,MF",Rayo Vallecano,es La Liga,32.0,1607,Wide Attacker
Kamaldeen Sulemana,"FW,MF",Southampton,eng Premier League,22.0,1402,Wide Attacker
Sebastiano Esposito,"FW,MF",Empoli,it Serie A,22.0,2331,Wide Attacker
Issa Soumaré,"FW,MF",Le Havre,fr Ligue 1,23.0,1902,Wide Attacker
Alieu Fadera,"FW,DF",Como,it Serie A,22.0,1644,Wide Attacker
Abdoulaye Doucouré,MF,Everton,eng Premier League,31.0,2564,Wide Attacker
Tanguy Coulibaly,"FW,MF",Montpellier,fr Ligue 1,23.0,1485,Wide Attacker
Jacopo Fazzini,MF,Empoli,it Serie A,21.0,1383,Wide Attacker
Mattia Felici,"MF,FW",Cagliari,it Serie A,23.0,925,Wide Attacker
Ritsu Doan,"FW,MF",Freiburg,de Bundesliga,26.0,2862,Wide Attacker
Andy Diouf,MF,Lens,fr Ligue 1,21.0,2225,Wide Attacker
Alex Sola,"MF,FW",Getafe,es La Liga,25.0,1029,Wide Attacker
Emile Smith Rowe,MF,Fulham,eng Premier League,24.0,2043,Wide Attacker
Tyler Dibling,"FW,MF",Southampton,eng Premier League,18.0,1874,Wide Attacker
Benjamín Domínguez,FW,Bologna,it Serie A,20.0,1281,Wide Attacker
Coba da Costa,"MF,FW",Getafe,es La Liga,22.0,1006,Wide Attacker
Jack Harrison,FW,Everton,eng Premier League,27.0,2076,Wide Attacker
Lucas Höler,"FW,MF",Freiburg,de Bundesliga,30.0,1867,Wide Attacker
Ansgar Knauff,"MF,DF",Eint Frankfurt,de Bundesliga,22.0,1597,Wide Attacker
Jesus Rodríguez,FW,Betis,es La Liga,18.0,1111,Wide Attacker
Gabriel Strefezza,"FW,MF",Como,it Serie A,27.0,2619,Wide Attacker
Facundo Buonanotte,"FW,MF",Leicester City,eng Premier League,19.0,1523,Wide Attacker
Dani Rodríguez,"MF,FW",Mallorca,es La Liga,36.0,2162,Wide Attacker
Moritz Broschinski,"FW,MF",Bochum,de Bundesliga,23.0,1390,Wide Attacker
Wes Burns,"FW,DF",Ipswich Town,eng Premier League,29.0,926,Wide Attacker
Marco Brescianini,MF,Atalanta,it Serie A,24.0,991,Wide Attacker
Carlos Vicente,"FW,MF",Alavés,es La Liga,25.0,3092,Wide Attacker
Jamie Leweling,"MF,FW",Stuttgart,de Bundesliga,23.0,1663,Wide Attacker
Vitinha,"FW,MF",Genoa,it Serie A,24.0,1328,Wide Attacker
Jacob Ramsey,"FW,MF",Aston Villa,eng Premier League,23.0,1623,Wide Attacker
Nikola Vlašić,"MF,FW",Torino,it Serie A,26.0,2117,Wide Attacker
Jesper Lindstrøm,FW,Everton,eng Premier League,24.0,1239,Wide Attacker
Félix Lemaréchal,"MF,FW",Strasbourg,fr Ligue 1,20.0,1779,Wide Attacker
Samuel Lino,"MF,DF",Atlético Madrid,es La Liga,24.0,1552,Wide Attacker
Merlin Röhl,"MF,FW",Freiburg,de Bundesliga,22.0,965,Wide Attacker
Bilal El Khannouss,"MF,FW",Leicester City,eng Premier League,20.0,2182,Wide Attacker
Benedict Hollerbach,"FW,MF",Union Berlin,de Bundesliga,23.0,2540,Wide Attacker
Gerrit Holtmann,"DF,FW",Bochum,de Bundesliga,29.0,1136,Wide Attacker
Mathias Honsak,"FW,DF",Heidenheim,de Bundesliga,27.0,1181,Wide Attacker
Omari Hutchinson,"MF,FW",Ipswich Town,eng Premier League,20.0,2583,Wide Attacker
Alexis Claude-Maurice,"MF,FW",Augsburg,de Bundesliga,26.0,2109,Wide Attacker
Jack Clarke,"FW,MF",Ipswich Town,eng Premier League,23.0,1181,Wide Attacker
Wahbi Khazri,"FW,MF",Montpellier,fr Ligue 1,33.0,1118,Wide Attacker
Elias Saad,"FW,MF",St. Pauli,de Bundesliga,24.0,900,Wide Attacker
Josué Casimir,"FW,MF",Le Havre,fr Ligue 1,22.0,1997,Wide Attacker
Jofre,"MF,FW",Espanyol,es La Liga,23.0,2165,Wide Attacker
Þórir Jóhann Helgason,MF,Lecce,it Serie A,23.0,1156,Wide Attacker
Antoine Joujou,"MF,FW",Le Havre,fr Ligue 1,21.0,943,Wide Attacker
Matteo Cancellieri,"FW,MF",Parma,it Serie A,22.0,1424,Wide Attacker
Jakub Kamiński,"DF,MF",Wolfsburg,de Bundesliga,22.0,1130,Wide Attacker
Christantus Uche,"FW,MF",Getafe,es La Liga,21.0,2486,Wide Attacker
Ernest Nuamah,"FW,MF",Lyon,fr Ligue 1,20.0,1052,Wide Attacker
